시도,시군구,읍면,도로명
대구광역시,남구,,계명6길
대구광역시,남구,,안지랑로18길
대구광역시,남구,,대경길
대구광역시,남구,,명덕로38길
대구광역시,남구,,중앙대로47길
대구광역시,남구,,중앙대로40길
대구광역시,남구,,현충로50길
대구광역시,남구,,현충로48길
대구광역시,남구,,명덕로18길
대구광역시,남구,,현충로
대구광역시,남구,,계명중앙1길
대구광역시,남구,,현충로39길
대구광역시,남구,,성당로
대구광역시,남구,,현충로24길
대구광역시,남구,,앞산순환로
대구광역시,남구,,삼각지6길
대구광역시,남구,,현충로5길
대구광역시,남구,,두류공원로
대구광역시,남구,,장전1길
대구광역시,남구,,성당로30길
대구광역시,남구,,장전3길
대구광역시,남구,,중앙대로50길
대구광역시,남구,,명덕로16길
대구광역시,남구,,큰골7길
대구광역시,남구,,안지랑로13길
대구광역시,남구,,대륙3길
대구광역시,남구,,안지시장1길
대구광역시,남구,,큰골9길
대구광역시,남구,,양지북길
대구광역시,남구,,명덕로10길
대구광역시,남구,,도촌길
대구광역시,남구,,앞산순환로87길
대구광역시,남구,,두류공원로17길
대구광역시,남구,,안지랑로16길
대구광역시,남구,,대명복개로2길
대구광역시,남구,,명덕시장길
대구광역시,남구,,안지랑로7길
대구광역시,남구,,대경3길
대구광역시,남구,,대명로57길
대구광역시,남구,,현충로7길
대구광역시,남구,,명덕로
대구광역시,남구,,대명로
대구광역시,남구,,현충로25길
대구광역시,남구,,현충로37길
대구광역시,남구,,중앙대로31길
대구광역시,남구,,안지랑로6길
대구광역시,남구,,대명남로
대구광역시,남구,,삼각지1길
대구광역시,남구,,안지랑로
대구광역시,남구,,명덕로28길
대구광역시,남구,,양지남길
대구광역시,남구,,계명4길
대구광역시,남구,,성당로60길
대구광역시,남구,,장전2길
대구광역시,남구,,계명5길
대구광역시,남구,,명덕로12길
대구광역시,남구,,성당로62길
대구광역시,남구,,두류공원로12길
대구광역시,남구,,명덕로26길
대구광역시,남구,,두류공원로5길
대구광역시,남구,,계명3길
대구광역시,남구,,장전5길
대구광역시,남구,,명덕로34길
대구광역시,남구,,삼각지3길
대구광역시,남구,,현충로31길
대구광역시,남구,,중앙대로
대구광역시,남구,,영선길
대구광역시,남구,,성당로50길
대구광역시,남구,,명덕로8길
대구광역시,남구,,성당로18길
대구광역시,남구,,자유6길
대구광역시,남구,,명덕로20길
대구광역시,남구,,안골2길
대구광역시,남구,,대명서로
대구광역시,남구,,대명서6길
대구광역시,남구,,관문시장2길
대구광역시,남구,,관문시장1길
대구광역시,남구,,관문시장5길
대구광역시,남구,,안지랑로11길
대구광역시,남구,,대경5길
대구광역시,남구,,두류공원로13길
대구광역시,남구,,현충로40길
대구광역시,남구,,이천로19길
대구광역시,남구,,성당로58길
대구광역시,남구,,현충로29길
대구광역시,남구,,월배로
대구광역시,남구,,명덕로36길
대구광역시,남구,,대명복개로4길
대구광역시,남구,,관문시장4길
대구광역시,남구,,명덕로32길
대구광역시,남구,,중앙대로45길
대구광역시,남구,,두류공원로20길
대구광역시,남구,,대명로58길
대구광역시,남구,,큰골길
대구광역시,남구,,대명역2길
대구광역시,남구,,현충로8길
대구광역시,남구,,대명복개로13길
대구광역시,남구,,현충서길
대구광역시,남구,,명덕로14길
대구광역시,남구,,자유5길
대구광역시,남구,,현충로42길
대구광역시,남구,,현충로18길
대구광역시,남구,,자유3길
대구광역시,남구,,계명1길
대구광역시,남구,,대명로53길
대구광역시,남구,,양지로
대구광역시,남구,,현충로26길
대구광역시,남구,,큰골5길
대구광역시,남구,,대명복개로1길
대구광역시,남구,,대명로25길
대구광역시,남구,,앞산순환로93길
대구광역시,남구,,현충로32길
대구광역시,남구,,현충동길
대구광역시,남구,,큰골4길
대구광역시,남구,,현충로19길
대구광역시,남구,,두류공원로18길
대구광역시,남구,,대명서7길
대구광역시,남구,,대명복개로
대구광역시,남구,,이천로25길
대구광역시,남구,,중앙대로36길
대구광역시,남구,,현충로27길
대구광역시,남구,,대명남2길
대구광역시,남구,,앞산순환로89길
대구광역시,남구,,계명2길
대구광역시,남구,,대륙1길
대구광역시,남구,,삼각지4길
대구광역시,남구,,대덕초등길
대구광역시,남구,,현충로46길
대구광역시,남구,,양지로6길
대구광역시,남구,,두류공원로9길
대구광역시,남구,,대명서2길
대구광역시,남구,,중앙대로42길
대구광역시,남구,,영선시장2길
대구광역시,남구,,현충로28길
대구광역시,남구,,자유2길
대구광역시,남구,,관문시장6길
대구광역시,남구,,앞산순환로81길
대구광역시,남구,,성당로48길
대구광역시,남구,,삼각지5길
대구광역시,남구,,현충로6길
대구광역시,남구,,현충로36길
대구광역시,남구,,현충로23길
대구광역시,남구,,대명로21길
대구광역시,남구,,성당로34길
대구광역시,남구,,대명로15길
대구광역시,남구,,중앙대로34길
대구광역시,남구,,대명로20길
대구광역시,남구,,광덕시장북길
대구광역시,남구,,안지랑로17길
대구광역시,남구,,큰골10길
대구광역시,남구,,삼각지2길
대구광역시,남구,,안골3길
대구광역시,남구,,현충로20길
대구광역시,남구,,대명로47길
대구광역시,남구,,안골1길
대구광역시,남구,,대명복개로3길
대구광역시,남구,,큰골6길
대구광역시,남구,,봉덕로1길
대구광역시,남구,,대명로30길
대구광역시,남구,,대명역6길
대구광역시,남구,,현충로1길
대구광역시,남구,,중앙대로38길
대구광역시,남구,,대명로36길
대구광역시,남구,,큰골3길
대구광역시,남구,,큰골8길
대구광역시,남구,,앞산순환로99길
대구광역시,남구,,대명로49길
대구광역시,남구,,두류공원로16길
대구광역시,남구,,두류공원로15길
대구광역시,남구,,성당로28길
대구광역시,남구,,두류공원로19길
대구광역시,남구,,골안길
대구광역시,남구,,자유1길
대구광역시,남구,,안지랑로2길
대구광역시,남구,,중앙대로46길
대구광역시,남구,,대명서1길
대구광역시,남구,,대명로10길
대구광역시,남구,,대명로6길
대구광역시,남구,,자유샛길
대구광역시,남구,,자유4길
대구광역시,남구,,안지랑로5길
대구광역시,남구,,대경6길
대구광역시,남구,,안지랑로20길
대구광역시,남구,,앞산순환로79길
대구광역시,남구,,현충로16길
대구광역시,남구,,대명서3길
대구광역시,남구,,현충로15길
대구광역시,남구,,영선시장1길
대구광역시,남구,,대명남1길
대구광역시,남구,,앞산순환로75길
대구광역시,남구,,대명서4길
대구광역시,남구,,명덕로40길
대구광역시,남구,,중앙대로51길
대구광역시,남구,,대명서5길
대구광역시,남구,,명덕로48길
대구광역시,남구,,대명로14길
대구광역시,남구,,명덕로42길
대구광역시,남구,,명덕로24길
대구광역시,남구,,명덕로30길
대구광역시,남구,,중앙대로41길
대구광역시,남구,,장천1길
대구광역시,남구,,장천2길
대구광역시,남구,,중앙대로27길
대구광역시,남구,,안지랑로19길
대구광역시,남구,,장전4길
대구광역시,남구,,성명공원길
대구광역시,남구,,경상2길
대구광역시,남구,,안지시장2길
대구광역시,남구,,관문시장3길
대구광역시,남구,,큰골1길
대구광역시,남구,,계명7길
대구광역시,남구,,대덕북길
대구광역시,남구,,양지로14길
대구광역시,남구,,양지로16길
대구광역시,남구,,대명로19길
대구광역시,남구,,앞산순환로69길
대구광역시,남구,,앞산순환로63길
대구광역시,남구,,대명역1길
대구광역시,남구,,안지랑로21길
대구광역시,남구,,현충로12길
대구광역시,남구,,안지랑로14길
대구광역시,남구,,앞산순환로71길
대구광역시,남구,,대명로60길
대구광역시,남구,,중앙대로35길
대구광역시,남구,,중앙대로21길
대구광역시,남구,,대명로22길
대구광역시,남구,,경상1길
대구광역시,남구,,양지로8길
대구광역시,남구,,대경2길
대구광역시,남구,,경상길
대구광역시,남구,,현충로3길
대구광역시,남구,,대경7길
대구광역시,남구,,명덕로22길
대구광역시,남구,,앞산순환로95길
대구광역시,남구,,양지로3길
대구광역시,남구,,안지랑로3길
대구광역시,남구,,양지로1길
대구광역시,남구,,명덕로46길
대구광역시,남구,,대경1길
대구광역시,남구,,자유길
대구광역시,남구,,안지랑로8길
대구광역시,남구,,안골길
대구광역시,남구,,백의2길
대구광역시,남구,,대명로13길
대구광역시,남구,,중앙대로29길
대구광역시,남구,,백의1길
대구광역시,남구,,중앙대로48길
대구광역시,남구,,중앙대로54길
대구광역시,남구,,번덕길
대구광역시,남구,,대명서안길
대구광역시,남구,,매자안길
대구광역시,남구,,대명복개로7길
대구광역시,남구,,중앙대로49길
대구광역시,남구,,성당로46길
대구광역시,남구,,양지로10길
대구광역시,남구,,안지랑로15길
대구광역시,남구,,계명8길
대구광역시,남구,,양지로2길
대구광역시,남구,,성당시장길
대구광역시,남구,,월배로94길
대구광역시,남구,,안지랑로10길
대구광역시,남구,,큰골2길
대구광역시,남구,,중앙대로52길
대구광역시,남구,,대명서8길
대구광역시,남구,,대경4길
대구광역시,남구,,대륙2길
대구광역시,남구,,양지로12길
대구광역시,남구,,양지로13길
대구광역시,남구,,봉덕로7길
대구광역시,남구,,봉덕로9길
대구광역시,남구,,명덕로50길
대구광역시,남구,,봉덕로21길
대구광역시,남구,,효성로
대구광역시,남구,,봉덕남로
대구광역시,남구,,이천로6길
대구광역시,남구,,이천로
대구광역시,남구,,효동길
대구광역시,남구,,봉덕로10길
대구광역시,남구,,고산1길
대구광역시,남구,,대덕로31길
대구광역시,남구,,봉덕로18길
대구광역시,남구,,봉덕로11길
대구광역시,남구,,고산2길
대구광역시,남구,,중앙대로22길
대구광역시,남구,,봉덕로13길
대구광역시,남구,,봉덕로17길
대구광역시,남구,,봉덕로
대구광역시,남구,,삼정3길
대구광역시,남구,,신천서쪽자전거길
대구광역시,남구,,대봉로
대구광역시,남구,,봉덕로28길
대구광역시,남구,,이천로8길
대구광역시,남구,,중앙대로26길
대구광역시,남구,,용두2길
대구광역시,남구,,봉덕로6길
대구광역시,남구,,대덕로29길
대구광역시,남구,,삼정4길
대구광역시,남구,,삼정1길
대구광역시,남구,,중앙대로32길
대구광역시,남구,,고산4길
대구광역시,남구,,중앙대로28길
대구광역시,남구,,삼정2길
대구광역시,남구,,삼정길
대구광역시,남구,,이천로7길
대구광역시,남구,,효서4길
대구광역시,남구,,효성2길
대구광역시,남구,,신촌2길
대구광역시,남구,,대덕로40길
대구광역시,남구,,효성중앙길
대구광역시,남구,,봉덕로22길
대구광역시,남구,,봉덕로2길
대구광역시,남구,,고산3길
대구광역시,남구,,이천로5길
대구광역시,남구,,희망로
대구광역시,남구,,대덕로30길
대구광역시,남구,,효서길
대구광역시,남구,,대덕로
대구광역시,남구,,봉덕초등길
대구광역시,남구,,봉덕로19길
대구광역시,남구,,용두1길
대구광역시,남구,,중앙대로30길
대구광역시,남구,,봉덕로25길
대구광역시,남구,,용두방천3길
대구광역시,남구,,이천로10길
대구광역시,남구,,봉덕로27길
대구광역시,남구,,봉덕로24길
대구광역시,남구,,봉덕로26길
대구광역시,남구,,이천로9길
대구광역시,남구,,희망로3길
대구광역시,남구,,용두길
대구광역시,남구,,신촌길
대구광역시,남구,,이천로1길
대구광역시,남구,,효동1길
대구광역시,남구,,봉덕공원길
대구광역시,남구,,대덕로38길
대구광역시,남구,,대봉로19길
대구광역시,남구,,대봉로17길
대구광역시,남구,,대봉로14길
대구광역시,남구,,이천로12길
대구광역시,남구,,봉덕로12길
대구광역시,남구,,봉덕로5길
대구광역시,남구,,삼정안길
대구광역시,남구,,대덕로33길
대구광역시,남구,,대덕로36길
대구광역시,남구,,대봉로3길
대구광역시,남구,,신촌1길
대구광역시,남구,,효명길
대구광역시,남구,,효동2길
대구광역시,남구,,희망로1길
대구광역시,남구,,효성3길
대구광역시,남구,,효성1길
대구광역시,남구,,봉덕로23길
대구광역시,남구,,봉덕로20길
대구광역시,남구,,효서2길
대구광역시,남구,,명덕로52길
대구광역시,남구,,이천로29길
대구광역시,남구,,대봉로30길
대구광역시,남구,,이천로28길
대구광역시,남구,,대봉로26길
대구광역시,남구,,명덕로54길
대구광역시,남구,,대봉로34길
대구광역시,남구,,명덕로68길
대구광역시,남구,,대봉로20길
대구광역시,남구,,이천로27길
대구광역시,남구,,명덕로64길
대구광역시,남구,,희망로5길
대구광역시,남구,,명덕로66길
대구광역시,남구,,이천로32길
대구광역시,남구,,희망로7길
대구광역시,남구,,봉덕로29길
대구광역시,남구,,이천로26길
대구광역시,남구,,마태산길
대구광역시,남구,,대봉로32길
대구광역시,남구,,대봉로18길
대구광역시,남구,,대봉로36길
대구광역시,남구,,이천로31길
대구광역시,남구,,대봉로38길
대구광역시,남구,,용두방천2길
대구광역시,달서구,,성서로45길
대구광역시,달서구,,성서공단로39길
대구광역시,달서구,,성서서로36안길
대구광역시,달서구,,성서공단북로
대구광역시,달서구,,성서서로36길
대구광역시,달서구,,달구벌대로250길
대구광역시,달서구,,성서로
대구광역시,달서구,,성서로68길
대구광역시,달서구,,성서공단로25길
대구광역시,달서구,,달서대로88길
대구광역시,달서구,,성서공단북로59길
대구광역시,달서구,,성서로67길
대구광역시,달서구,,성서공단북로42길
대구광역시,달서구,,성서서로48길
대구광역시,달서구,,성서로64길
대구광역시,달서구,,성서공단북로65길
대구광역시,달서구,,성서서로33길
대구광역시,달서구,,성서서로25안길
대구광역시,달서구,,성서공단로35길
대구광역시,달서구,,성서서로42길
대구광역시,달서구,,성서공단로21길
대구광역시,달서구,,달서대로94길
대구광역시,달서구,,성서서로34길
대구광역시,달서구,,성서서로
대구광역시,달서구,,성서공단로
대구광역시,달서구,,성서공단북로69길
대구광역시,달서구,,성서동로53안길
대구광역시,달서구,,성서로71길
대구광역시,달서구,,성서서로25길
대구광역시,달서구,,달서대로
대구광역시,달서구,,성서로67안길
대구광역시,달서구,,성서공단북로60길
대구광역시,달서구,,성서서로40길
대구광역시,달서구,,성서로72길
대구광역시,달서구,,죽전4길
대구광역시,달서구,,감삼남길
대구광역시,달서구,,달구벌대로332길
대구광역시,달서구,,와룡로
대구광역시,달서구,,당산로41길
대구광역시,달서구,,감삼북길
대구광역시,달서구,,당산로21길
대구광역시,달서구,,죽전2길
대구광역시,달서구,,당산로41서길
대구광역시,달서구,,달구벌대로
대구광역시,달서구,,감삼길
대구광역시,달서구,,당산로
대구광역시,달서구,,장기로
대구광역시,달서구,,감삼4길
대구광역시,달서구,,감삼북1길
대구광역시,달서구,,감삼남2안길
대구광역시,달서구,,달구벌대로308길
대구광역시,달서구,,달구벌대로323길
대구광역시,달서구,,와룡로28길
대구광역시,달서구,,감삼2길
대구광역시,달서구,,달구벌대로329길
대구광역시,달서구,,감삼5길
대구광역시,달서구,,당산로41동길
대구광역시,달서구,,와룡로28안길
대구광역시,달서구,,감삼북2길
대구광역시,달서구,,감삼남1길
대구광역시,달서구,,와룡로54길
대구광역시,달서구,,달구벌대로329안길
대구광역시,달서구,,당산로45길
대구광역시,달서구,,죽전길
대구광역시,달서구,,감삼1길
대구광역시,달서구,,감삼남6길
대구광역시,달서구,,감삼3길
대구광역시,달서구,,와룡로32길
대구광역시,달서구,,죽전3길
대구광역시,달서구,,감삼남3길
대구광역시,달서구,,감삼남4길
대구광역시,달서구,,와룡로31길
대구광역시,달서구,,감삼남2길
대구광역시,달서구,,감삼남5길
대구광역시,달서구,,달구벌대로330길
대구광역시,달서구,,달구벌대로304길
대구광역시,달서구,,장기로36안길
대구광역시,달서구,,장기로36길
대구광역시,달서구,,와룡로33길
대구광역시,달서구,,용산로
대구광역시,달서구,,용산로24길
대구광역시,달서구,,당산로21안길
대구광역시,달서구,,달구벌대로323안길
대구광역시,달서구,,장기로38길
대구광역시,달서구,,한실로6길
대구광역시,달서구,,갈밭로4길
대구광역시,달서구,,갈밭남로9길
대구광역시,달서구,,갈밭로16길
대구광역시,달서구,,갈밭로
대구광역시,달서구,,명천로10길
대구광역시,달서구,,화암로71길
대구광역시,달서구,,비슬로550길
대구광역시,달서구,,갈밭남로
대구광역시,달서구,,갈밭남로8길
대구광역시,달서구,,갈밭로12길
대구광역시,달서구,,서산로
대구광역시,달서구,,비슬로
대구광역시,달서구,,명천로
대구광역시,달서구,,화암로
대구광역시,달서구,,화암로73길
대구광역시,달서구,,비슬로542길
대구광역시,달서구,,상화로8길
대구광역시,달서구,,상화로
대구광역시,달서구,,비슬로538길
대구광역시,달서구,,비슬로540길
대구광역시,달서구,,한실로
대구광역시,달서구,,조암남로
대구광역시,달서구,,달서대로58길
대구광역시,달서구,,조암남로32길
대구광역시,달서구,,진천로
대구광역시,달서구,,조암남로27길
대구광역시,달서구,,성서4차첨단로
대구광역시,달서구,,조암남로28길
대구광역시,달서구,,성서로5길
대구광역시,달서구,,진천로23길
대구광역시,달서구,,진천로18길
대구광역시,달서구,,성서로9길
대구광역시,달서구,,성서공단남로
대구광역시,달서구,,월배로11길
대구광역시,달서구,,월암로
대구광역시,달서구,,성서동로
대구광역시,달서구,,조암남로26길
대구광역시,달서구,,성서공단남로10길
대구광역시,달서구,,성서공단남로6길
대구광역시,달서구,,달서대로58안길
대구광역시,달서구,,달서대로64길
대구광역시,달서구,,달서대로64안길
대구광역시,달서구,,조암남로19길
대구광역시,달서구,,월배로23길
대구광역시,달서구,,조암로
대구광역시,달서구,,월곡로
대구광역시,달서구,,상화로58길
대구광역시,달서구,,수밭길
대구광역시,달서구,,앞산터널로
대구광역시,달서구,,수밭동길
대구광역시,달서구,,상화로62길
대구광역시,달서구,,도원로동길
대구광역시,달서구,,미리샘길
대구광역시,달서구,,도원로
대구광역시,달서구,,도원로서길
대구광역시,달서구,,도원남로
대구광역시,달서구,,두류공원로50길
대구광역시,달서구,,명덕로2길
대구광역시,달서구,,두류남3길
대구광역시,달서구,,명덕로
대구광역시,달서구,,두류공원로
대구광역시,달서구,,두류남2길
대구광역시,달서구,,파도고개로11길
대구광역시,달서구,,성당로
대구광역시,달서구,,달구벌대로344길
대구광역시,달서구,,두류남길
대구광역시,달서구,,성당로47길
대구광역시,달서구,,공원순환로
대구광역시,달서구,,성당로53길
대구광역시,달서구,,야외음악당로47길
대구광역시,달서구,,야외음악당로
대구광역시,달서구,,당산로38길
대구광역시,달서구,,성당로51길
대구광역시,달서구,,야외음악당로39길
대구광역시,달서구,,두류6길
대구광역시,달서구,,파도고개로
대구광역시,달서구,,야외음악당로39서길
대구광역시,달서구,,야외음악당로41길
대구광역시,달서구,,밤골1길
대구광역시,달서구,,달구벌대로340길
대구광역시,달서구,,당산로30길
대구광역시,달서구,,야외음악당로49길
대구광역시,달서구,,야외음악당로39동길
대구광역시,달서구,,당산로36길
대구광역시,달서구,,두류길
대구광역시,달서구,,두류5길
대구광역시,달서구,,파도고개로24길
대구광역시,달서구,,두류2길
대구광역시,달서구,,두류남9길
대구광역시,달서구,,성당로39길
대구광역시,달서구,,두류남5길
대구광역시,달서구,,야외음악당로33길
대구광역시,달서구,,밤골4길
대구광역시,달서구,,파도고개로13길
대구광역시,달서구,,파도고개로12길
대구광역시,달서구,,야외음악당로47안길
대구광역시,달서구,,야외음악당로39안길
대구광역시,달서구,,성당로45길
대구광역시,달서구,,파도고개로20길
대구광역시,달서구,,파도고개로28길
대구광역시,달서구,,파도고개로26길
대구광역시,달서구,,두류남1길
대구광역시,달서구,,두류4길
대구광역시,달서구,,달구벌대로378길
대구광역시,달서구,,달구벌대로368길
대구광역시,달서구,,두류4안길
대구광역시,달서구,,두류남7길
대구광역시,달서구,,야외음악당로45길
대구광역시,달서구,,야외음악당로41안길
대구광역시,달서구,,두류공원로49길
대구광역시,달서구,,성당로33길
대구광역시,달서구,,파도고개로7길
대구광역시,달서구,,두류1길
대구광역시,달서구,,야외음악당로51길
대구광역시,달서구,,두류남4길
대구광역시,달서구,,야외음악당로49안길
대구광역시,달서구,,성당로47안길
대구광역시,달서구,,야외음악당로53길
대구광역시,달서구,,밤골2길
대구광역시,달서구,,야외음악당로55길
대구광역시,달서구,,당산로40길
대구광역시,달서구,,야외음악당로57길
대구광역시,달서구,,파도고개로30길
대구광역시,달서구,,밤골3길
대구광역시,달서구,,두류남6길
대구광역시,달서구,,파도고개로18길
대구광역시,달서구,,밤골길
대구광역시,달서구,,파도고개로16길
대구광역시,달서구,,파도고개로14길
대구광역시,달서구,,두류남8길
대구광역시,달서구,,두류3길
대구광역시,달서구,,큰장로
대구광역시,달서구,,야외음악당로37길
대구광역시,달서구,,야외음악당로33안길
대구광역시,달서구,,와룡로2길
대구광역시,달서구,,구마로
대구광역시,달서구,,와룡로4길
대구광역시,달서구,,학산로
대구광역시,달서구,,구마로26안길
대구광역시,달서구,,학산로19길
대구광역시,달서구,,송현로
대구광역시,달서구,,구마로36길
대구광역시,달서구,,와룡로5길
대구광역시,달서구,,와룡로9길
대구광역시,달서구,,구마로14길
대구광역시,달서구,,와룡로10길
대구광역시,달서구,,구마로12길
대구광역시,달서구,,월곡로94길
대구광역시,달서구,,구마로14남길
대구광역시,달서구,,학산로25길
대구광역시,달서구,,학산로7안길
대구광역시,달서구,,구마로14북길
대구광역시,달서구,,구마로26길
대구광역시,달서구,,학산로7길
대구광역시,달서구,,와룡로4안길
대구광역시,달서구,,월성로
대구광역시,달서구,,와룡로10안길
대구광역시,달서구,,구마로10길
대구광역시,달서구,,송현로25길
대구광역시,달서구,,와룡로13길
대구광역시,달서구,,와룡로15길
대구광역시,달서구,,대명천로45길
대구광역시,달서구,,와룡로16길
대구광역시,달서구,,용산로4길
대구광역시,달서구,,용산로4안길
대구광역시,달서구,,본리서4길
대구광역시,달서구,,구마로11길
대구광역시,달서구,,본리서길
대구광역시,달서구,,와룡로24길
대구광역시,달서구,,대명천로
대구광역시,달서구,,대명천로47길
대구광역시,달서구,,와룡로22길
대구광역시,달서구,,와룡로17길
대구광역시,달서구,,와룡로18길
대구광역시,달서구,,와룡로14길
대구광역시,달서구,,본리서5길
대구광역시,달서구,,대명천로55길
대구광역시,달서구,,대명천로51길
대구광역시,달서구,,대명천로38길
대구광역시,달서구,,대명천로41길
대구광역시,달서구,,본리서1길
대구광역시,달서구,,본리서2길
대구광역시,달서구,,본리서3길
대구광역시,달서구,,대명천로42길
대구광역시,달서구,,구마로21길
대구광역시,달서구,,대명천로43길
대구광역시,달서구,,구마로9길
대구광역시,달서구,,월곡로53길
대구광역시,달서구,,월곡로47길
대구광역시,달서구,,월곡로51길
대구광역시,달서구,,월곡로53동길
대구광역시,달서구,,월곡로45길
대구광역시,달서구,,상원로15길
대구광역시,달서구,,송현로11길
대구광역시,달서구,,월곡로47안길
대구광역시,달서구,,월배로40길
대구광역시,달서구,,월배로
대구광역시,달서구,,상원로1길
대구광역시,달서구,,월서로3길
대구광역시,달서구,,월배로39길
대구광역시,달서구,,상원로11길
대구광역시,달서구,,송현로7길
대구광역시,달서구,,월배로38길
대구광역시,달서구,,월배로46길
대구광역시,달서구,,월배로32길
대구광역시,달서구,,상원로9길
대구광역시,달서구,,월곡로53서길
대구광역시,달서구,,월곡로26길
대구광역시,달서구,,상화로35길
대구광역시,달서구,,송현로7안길
대구광역시,달서구,,상인로26안길
대구광역시,달서구,,상인로26길
대구광역시,달서구,,월배로42길
대구광역시,달서구,,앞산순환로
대구광역시,달서구,,상원로5길
대구광역시,달서구,,상원로3길
대구광역시,달서구,,월곡로27길
대구광역시,달서구,,상원로
대구광역시,달서구,,상원로13길
대구광역시,달서구,,상화북로
대구광역시,달서구,,상원로5안길
대구광역시,달서구,,학산남로
대구광역시,달서구,,상원로4길
대구광역시,달서구,,월배로48길
대구광역시,달서구,,월배로28길
대구광역시,달서구,,상인로
대구광역시,달서구,,상화북로43길
대구광역시,달서구,,월배로34길
대구광역시,달서구,,상인로18길
대구광역시,달서구,,월곡로26안길
대구광역시,달서구,,상인서로
대구광역시,달서구,,월곡로20길
대구광역시,달서구,,상인로9안길
대구광역시,달서구,,월서로
대구광역시,달서구,,월곡로28길
대구광역시,달서구,,월곡로45안길
대구광역시,달서구,,월곡로35길
대구광역시,달서구,,상화로57길
대구광역시,달서구,,상화로59길
대구광역시,달서구,,상화로51안길
대구광역시,달서구,,상인로9길
대구광역시,달서구,,상인서로10길
대구광역시,달서구,,월배로32안길
대구광역시,달서구,,월곡로43길
대구광역시,달서구,,월곡로32길
대구광역시,달서구,,상인로5길
대구광역시,달서구,,야외음악당로13길
대구광역시,달서구,,장기로10길
대구광역시,달서구,,장기로12길
대구광역시,달서구,,장기로26길
대구광역시,달서구,,구마로53길
대구광역시,달서구,,장기로5길
대구광역시,달서구,,야외음악당로8길
대구광역시,달서구,,야외음악당로7길
대구광역시,달서구,,대명천로18길
대구광역시,달서구,,야외음악당로15길
대구광역시,달서구,,야외음악당로2길
대구광역시,달서구,,대명천로12길
대구광역시,달서구,,대명천로12안길
대구광역시,달서구,,두류공원로28안길
대구광역시,달서구,,장기로16안길
대구광역시,달서구,,대명천로10길
대구광역시,달서구,,당산동길
대구광역시,달서구,,파도고개로1안길
대구광역시,달서구,,장기로10안길
대구광역시,달서구,,파도고개로3길
대구광역시,달서구,,대명천로6길
대구광역시,달서구,,대명천로11길
대구광역시,달서구,,야외음악당로5길
대구광역시,달서구,,장기로17길
대구광역시,달서구,,야외음악당로11길
대구광역시,달서구,,장기로16길
대구광역시,달서구,,대명천로8길
대구광역시,달서구,,성당로21길
대구광역시,달서구,,당산동3길
대구광역시,달서구,,당산로24길
대구광역시,달서구,,야외음악당로4길
대구광역시,달서구,,성당로35길
대구광역시,달서구,,성당로33안길
대구광역시,달서구,,야외음악당로9길
대구광역시,달서구,,대명천로20길
대구광역시,달서구,,야외음악당로15안길
대구광역시,달서구,,대명천로19길
대구광역시,달서구,,장기로22안길
대구광역시,달서구,,구마로41길
대구광역시,달서구,,구마로39길
대구광역시,달서구,,장기로22길
대구광역시,달서구,,장기로13길
대구광역시,달서구,,파도고개로1길
대구광역시,달서구,,당산동2길
대구광역시,달서구,,대명천로16길
대구광역시,달서구,,당산동1길
대구광역시,달서구,,장기로7길
대구광역시,달서구,,대명천로21길
대구광역시,달서구,,두류공원로28길
대구광역시,달서구,,중흥로5안길
대구광역시,달서구,,학산로42길
대구광역시,달서구,,중흥로10길
대구광역시,달서구,,송현로8길
대구광역시,달서구,,앞산순환로55길
대구광역시,달서구,,중흥로5길
대구광역시,달서구,,월배로75길
대구광역시,달서구,,월배로68안길
대구광역시,달서구,,송현동1길
대구광역시,달서구,,앞산순환로49안길
대구광역시,달서구,,앞산순환로61길
대구광역시,달서구,,송현동2길
대구광역시,달서구,,송현동3길
대구광역시,달서구,,중흥로6길
대구광역시,달서구,,월배로74동길
대구광역시,달서구,,송현로2길
대구광역시,달서구,,중흥로4길
대구광역시,달서구,,월배로74길
대구광역시,달서구,,월배로80길
대구광역시,달서구,,중흥로
대구광역시,달서구,,월배로85길
대구광역시,달서구,,월배로83길
대구광역시,달서구,,월배로74서길
대구광역시,달서구,,월배로72길
대구광역시,달서구,,학산로46길
대구광역시,달서구,,학산로50길
대구광역시,달서구,,월배로93길
대구광역시,달서구,,월배로64길
대구광역시,달서구,,학산로36길
대구광역시,달서구,,앞산순환로45길
대구광역시,달서구,,월배로88길
대구광역시,달서구,,학산로50안길
대구광역시,달서구,,송현로12안길
대구광역시,달서구,,송현로16길
대구광역시,달서구,,중흥로8길
대구광역시,달서구,,중흥로3길
대구광역시,달서구,,송현동4길
대구광역시,달서구,,앞산순환로51길
대구광역시,달서구,,중흥로9길
대구광역시,달서구,,월배로65안길
대구광역시,달서구,,월배로73길
대구광역시,달서구,,월배로84안길
대구광역시,달서구,,월배로97길
대구광역시,달서구,,중흥로2길
대구광역시,달서구,,구마로52길
대구광역시,달서구,,월배로65길
대구광역시,달서구,,월배로84길
대구광역시,달서구,,월배로69길
대구광역시,달서구,,중흥로12길
대구광역시,달서구,,앞산순환로39안길
대구광역시,달서구,,월배로68길
대구광역시,달서구,,학산로47길
대구광역시,달서구,,송현로8안길
대구광역시,달서구,,송현동길
대구광역시,달서구,,송현동5길
대구광역시,달서구,,송현로30길
대구광역시,달서구,,앞산순환로39길
대구광역시,달서구,,앞산순환로49길
대구광역시,달서구,,앞산순환로63길
대구광역시,달서구,,월배로67안길
대구광역시,달서구,,구마로52안길
대구광역시,달서구,,중흥로16길
대구광역시,달서구,,중흥로11길
대구광역시,달서구,,중흥로13길
대구광역시,달서구,,구마로42길
대구광역시,달서구,,월배로69안길
대구광역시,달서구,,송현로12길
대구광역시,달서구,,구마로40길
대구광역시,달서구,,송현로4길
대구광역시,달서구,,월배로67길
대구광역시,달서구,,송현로10길
대구광역시,달서구,,월배로94길
대구광역시,달서구,,구마로46길
대구광역시,달서구,,월배로93서길
대구광역시,달서구,,구마로48길
대구광역시,달서구,,월배로83안길
대구광역시,달서구,,월배로66길
대구광역시,달서구,,서당로7길
대구광역시,달서구,,계대동문로3안길
대구광역시,달서구,,서당로3길
대구광역시,달서구,,서당로
대구광역시,달서구,,성서공단북로43길
대구광역시,달서구,,선원로11길
대구광역시,달서구,,계대동문로9길
대구광역시,달서구,,선원로10길
대구광역시,달서구,,성서서로75길
대구광역시,달서구,,선원로15안길
대구광역시,달서구,,성서서로73길
대구광역시,달서구,,계대동문로3길
대구광역시,달서구,,선원로5안길
대구광역시,달서구,,성서서로47길
대구광역시,달서구,,선원로5길
대구광역시,달서구,,성서서로55길
대구광역시,달서구,,서당로9길
대구광역시,달서구,,선원로15길
대구광역시,달서구,,서당로17길
대구광역시,달서구,,계대동문로4길
대구광역시,달서구,,선원로
대구광역시,달서구,,신당로
대구광역시,달서구,,서당로9안길
대구광역시,달서구,,성서서로69길
대구광역시,달서구,,성서서로59길
대구광역시,달서구,,달구벌대로240길
대구광역시,달서구,,달서대로109길
대구광역시,달서구,,서당로12길
대구광역시,달서구,,선원로14길
대구광역시,달서구,,달구벌대로226길
대구광역시,달서구,,선원로9길
대구광역시,달서구,,달구벌대로232길
대구광역시,달서구,,성서서로51길
대구광역시,달서구,,서당로15길
대구광역시,달서구,,달서대로109안길
대구광역시,달서구,,계대동문로
대구광역시,달서구,,계대동문로11길
대구광역시,달서구,,와룡로43길
대구광역시,달서구,,달구벌대로301길
대구광역시,달서구,,와룡로51길
대구광역시,달서구,,새방로7길
대구광역시,달서구,,와룡로45길
대구광역시,달서구,,와룡로49길
대구광역시,달서구,,선원로53길
대구광역시,달서구,,성지로
대구광역시,달서구,,새방로
대구광역시,달서구,,선원로55길
대구광역시,달서구,,와룡로53길
대구광역시,달서구,,용산큰못길
대구광역시,달서구,,새동네로
대구광역시,달서구,,성지로18길
대구광역시,달서구,,성지로22길
대구광역시,달서구,,성지로16길
대구광역시,달서구,,성지로14안길
대구광역시,달서구,,달구벌대로291길
대구광역시,달서구,,장산로
대구광역시,달서구,,선원로59길
대구광역시,달서구,,용산서로
대구광역시,달서구,,와룡로57길
대구광역시,달서구,,선원로53안길
대구광역시,달서구,,선원로57길
대구광역시,달서구,,선원로33길
대구광역시,달서구,,장산1길
대구광역시,달서구,,성지로14길
대구광역시,달서구,,용산큰못1길
대구광역시,달서구,,용산큰못3길
대구광역시,달서구,,용산큰못2길
대구광역시,달서구,,달구벌대로283길
대구광역시,달서구,,장산2길
대구광역시,달서구,,새방로3길
대구광역시,달서구,,장산로32길
대구광역시,달서구,,달구벌대로305길
대구광역시,달서구,,와룡로45안길
대구광역시,달서구,,새방로6길
대구광역시,달서구,,새동네로13길
대구광역시,달서구,,평리로
대구광역시,달서구,,장산남로
대구광역시,달서구,,선원남로
대구광역시,달서구,,이곡공원로
대구광역시,달서구,,학산로2길
대구광역시,달서구,,성서로36안길
대구광역시,달서구,,조암로5길
대구광역시,달서구,,조암로6길
대구광역시,달서구,,조암남로14길
대구광역시,달서구,,조암로10길
대구광역시,달서구,,월암로4길
대구광역시,달서구,,조암남로10길
대구광역시,달서구,,월배로33길
대구광역시,달서구,,조암남로16길
대구광역시,달서구,,조암남로6길
대구광역시,달서구,,월성로22안길
대구광역시,달서구,,조암남로14안길
대구광역시,달서구,,조암남로20길
대구광역시,달서구,,조암로14안길
대구광역시,달서구,,월곡로100안길
대구광역시,달서구,,월곡로100길
대구광역시,달서구,,월곡로99길
대구광역시,달서구,,조암로14길
대구광역시,달서구,,조암로20길
대구광역시,달서구,,월성로22길
대구광역시,달서구,,중부내륙지선고속도로
대구광역시,달서구,,조암로22길
대구광역시,달서구,,성서공단로22길
대구광역시,달서구,,성서공단로54길
대구광역시,달서구,,성서로36길
대구광역시,달서구,,성서공단로50길
대구광역시,달서구,,성서공단남로32길
대구광역시,달서구,,성서공단남로19길
대구광역시,달서구,,성서로35길
대구광역시,달서구,,성서공단로58길
대구광역시,달서구,,성서로24길
대구광역시,달서구,,성서공단로22안길
대구광역시,달서구,,성서서로19길
대구광역시,달서구,,성서공단남로40길
대구광역시,달서구,,성서공단남로22길
대구광역시,달서구,,성서공단남로36길
대구광역시,달서구,,성서공단남로23길
대구광역시,달서구,,성서서로15길
대구광역시,달서구,,월배로5길
대구광역시,달서구,,달서대로1길
대구광역시,달서구,,이곡서로
대구광역시,달서구,,선원로23남길
대구광역시,달서구,,성서동로65길
대구광역시,달서구,,성서로72안길
대구광역시,달서구,,선원로37북길
대구광역시,달서구,,달구벌대로264길
대구광역시,달서구,,달구벌대로251길
대구광역시,달서구,,이곡서로7길
대구광역시,달서구,,선원로23북길
대구광역시,달서구,,이곡공원로1길
대구광역시,달서구,,달구벌대로251안길
대구광역시,달서구,,선원로23길
대구광역시,달서구,,이곡동로
대구광역시,달서구,,달구벌대로264안길
대구광역시,달서구,,성서로75길
대구광역시,달서구,,이곡서로5길
대구광역시,달서구,,달구벌대로259길
대구광역시,달서구,,이곡공원로1안길
대구광역시,달서구,,선원남로20길
대구광역시,달서구,,성서로76길
대구광역시,달서구,,선원로37남길
대구광역시,달서구,,선원로37길
대구광역시,달서구,,선원로33안길
대구광역시,달서구,,달구벌대로260길
대구광역시,달서구,,달구벌대로245길
대구광역시,달서구,,달구벌대로243길
대구광역시,달서구,,달구벌대로246길
대구광역시,달서구,,달구벌대로262길
대구광역시,달서구,,성서동로64길
대구광역시,달서구,,달구벌대로291안길
대구광역시,달서구,,문화회관1안길
대구광역시,달서구,,문화회관2길
대구광역시,달서구,,성서동로66길
대구광역시,달서구,,용산로12길
대구광역시,달서구,,문화회관5길
대구광역시,달서구,,용산로14길
대구광역시,달서구,,문화회관6길
대구광역시,달서구,,문화회관3안길
대구광역시,달서구,,문화회관4길
대구광역시,달서구,,장기로65길
대구광역시,달서구,,문화회관길
대구광역시,달서구,,문화회관1길
대구광역시,달서구,,문화회관11길
대구광역시,달서구,,문화회관3길
대구광역시,달서구,,성서동로61길
대구광역시,달서구,,장기로57서길
대구광역시,달서구,,장기로57동길
대구광역시,달서구,,한들로
대구광역시,달서구,,달구벌대로276길
대구광역시,달서구,,성서동로62길
대구광역시,달서구,,성서동로60길
대구광역시,달서구,,성서공단북로77길
대구광역시,달서구,,장기로57길
대구광역시,달서구,,성서공단로51길
대구광역시,달서구,,성서공단로47길
대구광역시,달서구,,문화회관11안길
대구광역시,달서구,,성서공단로55길
대구광역시,달서구,,성서동로45길
대구광역시,달서구,,성서로46길
대구광역시,달서구,,성서로52길
대구광역시,달서구,,성서동로53길
대구광역시,달서구,,문화회관10길
대구광역시,달서구,,문화회관9길
대구광역시,달서구,,성서공단로61길
대구광역시,달서구,,문화회관7길
대구광역시,달서구,,성서동로42안길
대구광역시,달서구,,문화회관8길
대구광역시,달서구,,성서동로42길
대구광역시,달서구,,문화센터로
대구광역시,달서구,,성서로54길
대구광역시,달서구,,달구벌대로307길
대구광역시,달서구,,달구벌대로309길
대구광역시,달서구,,와룡로58길
대구광역시,달서구,,와룡로42길
대구광역시,달서구,,와룡로41길
대구광역시,달서구,,와룡로52안길
대구광역시,달서구,,죽전1길
대구광역시,달서구,,와룡로46길
대구광역시,달서구,,와룡로48길
대구광역시,달서구,,죽전1안길
대구광역시,달서구,,와룡로56길
대구광역시,달서구,,와룡로52길
대구광역시,달서구,,진천로3길
대구광역시,달서구,,상화로7길
대구광역시,달서구,,진천로9길
대구광역시,달서구,,상화로19길
대구광역시,달서구,,월배로14길
대구광역시,달서구,,진천로10길
대구광역시,달서구,,진천로4길
대구광역시,달서구,,상화로35안길
대구광역시,달서구,,상화로9길
대구광역시,달서구,,월배로15길
대구광역시,달서구,,상화로15길
대구광역시,달서구,,월배로22길
대구광역시,달서구,,진천로16길
대구광역시,달서구,,상화로29길
대구광역시,달서구,,상화북로5길
대구광역시,달서구,,상화로3길
대구광역시,달서구,,진천로8길
대구광역시,달서구,,월배로24길
대구광역시,달서구,,상화로21길
대구광역시,달서구,,월배로28안길
대구광역시,달서구,,진천로7길
대구광역시,달서구,,상화로5길
대구광역시,달서구,,성서공단북로2길
대구광역시,달서구,,달서대로91길
대구광역시,달서구,,호산로
대구광역시,달서구,,호산로27길
대구광역시,달서구,,성서공단북로4길
대구광역시,달서구,,달서대로95길
대구광역시,달서구,,호산로29길
대구광역시,달서구,,달구벌대로199길
대구광역시,달서구,,성서공단북로3길
대구광역시,달서구,,성서공단북로5길
대구광역시,달서구,,호산동로1길
대구광역시,달서구,,호산동로
대구광역시,달서구,,호산동로7길
대구광역시,달서구,,달서대로85길
대구광역시,달서구,,성서공단로11길
대구광역시,달서구,,성서공단로15길
대구광역시,달서구,,달구벌대로203길
대구광역시,달서구,,호산동로36북길
대구광역시,달서구,,달구벌대로205길
대구광역시,달서구,,성서공단북로18길
대구광역시,달서구,,호산동로35북길
대구광역시,달서구,,호산동로35길
대구광역시,달서구,,호산동로36길
대구광역시,달서구,,호산동로35남길
대구광역시,달서구,,호산동로36남길
대구광역시,달서구,,호산로2길
대구광역시,달성군,가창면,가창동로1안길
대구광역시,달성군,가창면,가창로155길
대구광역시,달성군,가창면,가창동로1길
대구광역시,달성군,가창면,가창동로
대구광역시,달성군,가창면,가창로153길
대구광역시,달성군,가창면,가창로175길
대구광역시,달성군,가창면,가창로176길
대구광역시,달성군,가창면,가창로
대구광역시,달성군,가창면,원정길
대구광역시,달성군,가창면,행정길
대구광역시,달성군,가창면,단산2길
대구광역시,달성군,가창면,단산3길
대구광역시,달성군,가창면,단산1길
대구광역시,달성군,가창면,단산길
대구광역시,달성군,가창면,가창로126길
대구광역시,달성군,가창면,가창로119길
대구광역시,달성군,가창면,가창로123길
대구광역시,달성군,가창면,대일길
대구광역시,달성군,가창면,점촌길
대구광역시,달성군,가창면,가창로58길
대구광역시,달성군,가창면,가창로57길
대구광역시,달성군,가창면,삼산길
대구광역시,달성군,가창면,우록길
대구광역시,달성군,가창면,가창로38길
대구광역시,달성군,가창면,녹문길
대구광역시,달성군,가창면,팔조령길
대구광역시,달성군,가창면,가창로10길
대구광역시,달성군,가창면,가창로43길
대구광역시,달성군,가창면,가창동로4길
대구광역시,달성군,가창면,가창동로3길
대구광역시,달성군,가창면,가창동로5길
대구광역시,달성군,가창면,헐티로
대구광역시,달성군,가창면,헐티로10길
대구광역시,달성군,가창면,헐티로11길
대구광역시,달성군,가창면,헐티로9길
대구광역시,달성군,가창면,가창로69길
대구광역시,달성군,가창면,가창로85길
대구광역시,달성군,가창면,가창로75길
대구광역시,달성군,가창면,가창로93길
대구광역시,달성군,가창면,가창로87길
대구광역시,달성군,가창면,가창로108길
대구광역시,달성군,가창면,가창로84길
대구광역시,달성군,가창면,가창로216길
대구광역시,달성군,가창면,가창로220길
대구광역시,달성군,가창면,가창로213길
대구광역시,달성군,가창면,가창로221길
대구광역시,달성군,가창면,가창로199길
대구광역시,달성군,가창면,우록1길
대구광역시,달성군,가창면,우록3길
대구광역시,달성군,가창면,남지장사길
대구광역시,달성군,가창면,우록4길
대구광역시,달성군,가창면,우록2길
대구광역시,달성군,가창면,조길방길
대구광역시,달성군,가창면,헐티로7길
대구광역시,달성군,가창면,헐티로6길
대구광역시,달성군,가창면,헐티로2길
대구광역시,달성군,가창면,헐티로4길
대구광역시,달성군,가창면,헐티로3길
대구광역시,달성군,가창면,헐티로5길
대구광역시,달성군,가창면,헐티로1길
대구광역시,달성군,가창면,헐티로8길
대구광역시,달성군,가창면,주리1길
대구광역시,달성군,가창면,주리2길
대구광역시,달성군,가창면,퇴계길
대구광역시,달성군,가창면,흥덕길
대구광역시,달성군,가창면,가창동로2길
대구광역시,달성군,구지면,가천2길
대구광역시,달성군,구지면,국가산단북로
대구광역시,달성군,구지면,테크노순환로
대구광역시,달성군,구지면,가천1길
대구광역시,달성군,구지면,창한로
대구광역시,달성군,구지면,달창로
대구광역시,달성군,구지면,비슬로64길
대구광역시,달성군,구지면,비슬로63길
대구광역시,달성군,구지면,비슬로
대구광역시,달성군,구지면,국가산단북로100길
대구광역시,달성군,구지면,구지동로8길
대구광역시,달성군,구지면,국가산단북로80길
대구광역시,달성군,구지면,국가산단대로32길
대구광역시,달성군,구지면,국가산단동로
대구광역시,달성군,구지면,구지동로10길
대구광역시,달성군,구지면,구지동로
대구광역시,달성군,구지면,구지동로12길
대구광역시,달성군,구지면,대리길
대구광역시,달성군,구지면,국가산단대로28길
대구광역시,달성군,구지면,국가산단동로42길
대구광역시,달성군,구지면,달성2차1로
대구광역시,달성군,구지면,달성2차동1로
대구광역시,달성군,구지면,달성2차4로
대구광역시,달성군,구지면,달성2차동2로
대구광역시,달성군,구지면,달성2차3로
대구광역시,달성군,구지면,달성2차로
대구광역시,달성군,구지면,달성2차2로
대구광역시,달성군,구지면,대암내길
대구광역시,달성군,구지면,달성2차서로
대구광역시,달성군,구지면,내리길
대구광역시,달성군,구지면,달성2차5로
대구광역시,달성군,구지면,대암4길
대구광역시,달성군,구지면,대암1길
대구광역시,달성군,구지면,대암3길
대구광역시,달성군,구지면,대암2길
대구광역시,달성군,구지면,국가산단남로
대구광역시,달성군,구지면,구지남로35길
대구광역시,달성군,구지면,구지남로
대구광역시,달성군,구지면,국가산단서로
대구광역시,달성군,구지면,구지서로
대구광역시,달성군,구지면,도동절골길
대구광역시,달성군,구지면,구지서로74길
대구광역시,달성군,구지면,도동서원로
대구광역시,달성군,구지면,구지서로96길
대구광역시,달성군,구지면,다람재길
대구광역시,달성군,구지면,대합목단길
대구광역시,달성군,구지면,구미마을길
대구광역시,달성군,구지면,구지남로53길
대구광역시,달성군,구지면,구지남로57길
대구광역시,달성군,구지면,국가산단북로3길
대구광역시,달성군,구지면,국가산단북로11길
대구광역시,달성군,구지면,국가산단북로23길
대구광역시,달성군,구지면,국가산단서로71길
대구광역시,달성군,구지면,예현1길
대구광역시,달성군,구지면,달성2차동3로
대구광역시,달성군,구지면,대동월포로
대구광역시,달성군,구지면,달성2차6로
대구광역시,달성군,구지면,구지동로28길
대구광역시,달성군,구지면,예현2길
대구광역시,달성군,구지면,구지서로60길
대구광역시,달성군,구지면,구지서로68길
대구광역시,달성군,구지면,유산길
대구광역시,달성군,구지면,용산유산로
대구광역시,달성군,구지면,국가산단대로33길
대구광역시,달성군,구지면,과학마을로4길
대구광역시,달성군,구지면,국가산단대로64길
대구광역시,달성군,구지면,과학마을로3길
대구광역시,달성군,구지면,국가산단북로60길
대구광역시,달성군,구지면,과학마을로2길
대구광역시,달성군,구지면,과학마을로
대구광역시,달성군,구지면,과학마을로1길
대구광역시,달성군,구지면,과학마을로5길
대구광역시,달성군,구지면,국가산단대로51길
대구광역시,달성군,구지면,응암길
대구광역시,달성군,구지면,국가산단대로
대구광역시,달성군,구지면,국가산단대로39길
대구광역시,달성군,구지면,국가산단대로40길
대구광역시,달성군,구지면,국가산단대로46길
대구광역시,달성군,구지면,국가산단대로42길
대구광역시,달성군,구지면,국가산단서로40길
대구광역시,달성군,구지면,국가산단대로34길
대구광역시,달성군,구지면,국가산단대로50길
대구광역시,달성군,구지면,국가산단대로52길
대구광역시,달성군,구지면,징리3길
대구광역시,달성군,구지면,징리2길
대구광역시,달성군,구지면,징리1길
대구광역시,달성군,구지면,구지서로10길
대구광역시,달성군,구지면,창리로
대구광역시,달성군,구지면,국가산단서로84길
대구광역시,달성군,구지면,국가산단서로50길
대구광역시,달성군,구지면,국가산단대로66길
대구광역시,달성군,구지면,구지시장길
대구광역시,달성군,구지면,국가산단대로49길
대구광역시,달성군,구지면,국가산단대로65길
대구광역시,달성군,구지면,창리중앙2길
대구광역시,달성군,구지면,창리서로
대구광역시,달성군,구지면,국가산단대로61길
대구광역시,달성군,구지면,국가산단대로68길
대구광역시,달성군,구지면,국가산단북로34길
대구광역시,달성군,구지면,창리중앙길
대구광역시,달성군,구지면,창리로19길
대구광역시,달성군,구지면,창리서로6길
대구광역시,달성군,구지면,삼강길
대구광역시,달성군,구지면,창리로13길
대구광역시,달성군,구지면,국가산단북로46길
대구광역시,달성군,구지면,창리새담길
대구광역시,달성군,구지면,창리로11길
대구광역시,달성군,구지면,창리중앙1길
대구광역시,달성군,구지면,창리서로2길
대구광역시,달성군,구지면,삼강5길
대구광역시,달성군,구지면,삼강6길
대구광역시,달성군,구지면,창리중앙3길
대구광역시,달성군,구지면,국가산단대로70길
대구광역시,달성군,구지면,평촌길
대구광역시,달성군,구지면,구지동로16길
대구광역시,달성군,구지면,구지동로40길
대구광역시,달성군,구지면,국가산단북로25길
대구광역시,달성군,구지면,국가산단북로31길
대구광역시,달성군,구지면,국가산단서로60길
대구광역시,달성군,논공읍,비슬로
대구광역시,달성군,논공읍,비슬로359길
대구광역시,달성군,논공읍,비슬로366길
대구광역시,달성군,논공읍,돌끼2길
대구광역시,달성군,논공읍,비슬로371길
대구광역시,달성군,논공읍,금포새터길
대구광역시,달성군,논공읍,강림1길
대구광역시,달성군,논공읍,돌끼1길
대구광역시,달성군,논공읍,달성군청로1길
대구광역시,달성군,논공읍,금포새터1길
대구광역시,달성군,논공읍,금강로2길
대구광역시,달성군,논공읍,금포로
대구광역시,달성군,논공읍,금강로16길
대구광역시,달성군,논공읍,노이길
대구광역시,달성군,논공읍,노이2길
대구광역시,달성군,논공읍,노이1길
대구광역시,달성군,논공읍,농공공단1길
대구광역시,달성군,논공읍,달성군청로
대구광역시,달성군,논공읍,비슬로350길
대구광역시,달성군,논공읍,금포시장길
대구광역시,달성군,논공읍,봉동길
대구광역시,달성군,논공읍,금포초등길
대구광역시,달성군,논공읍,비슬로361길
대구광역시,달성군,논공읍,비슬로364길
대구광역시,달성군,논공읍,금포새터3길
대구광역시,달성군,논공읍,비슬로357길
대구광역시,달성군,논공읍,달성군청로6길
대구광역시,달성군,논공읍,금강로10길
대구광역시,달성군,논공읍,비슬로362길
대구광역시,달성군,논공읍,금강로4길
대구광역시,달성군,논공읍,비슬로373길
대구광역시,달성군,논공읍,달성군청로4길
대구광역시,달성군,논공읍,금강로
대구광역시,달성군,논공읍,금강로1길
대구광역시,달성군,논공읍,금포새터2길
대구광역시,달성군,논공읍,시저로
대구광역시,달성군,논공읍,농공공단길
대구광역시,달성군,논공읍,달성군청로3길
대구광역시,달성군,논공읍,남리길
대구광역시,달성군,논공읍,사촌길
대구광역시,달성군,논공읍,논공로7길
대구광역시,달성군,논공읍,논공로
대구광역시,달성군,논공읍,논공중앙로22길
대구광역시,달성군,논공읍,논공중앙로
대구광역시,달성군,논공읍,논공로5길
대구광역시,달성군,논공읍,남북리길
대구광역시,달성군,논공읍,비슬로208길
대구광역시,달성군,논공읍,논공로11길
대구광역시,달성군,논공읍,북리4길
대구광역시,달성군,논공읍,남리3길
대구광역시,달성군,논공읍,논공로9길
대구광역시,달성군,논공읍,논공중앙로28길
대구광역시,달성군,논공읍,남리4길
대구광역시,달성군,논공읍,남리2길
대구광역시,달성군,논공읍,남리1길
대구광역시,달성군,논공읍,논공로15길
대구광역시,달성군,논공읍,노이7길
대구광역시,달성군,논공읍,노이6길
대구광역시,달성군,논공읍,노이8길
대구광역시,달성군,논공읍,노이3길
대구광역시,달성군,논공읍,노이5길
대구광역시,달성군,논공읍,비슬로420길
대구광역시,달성군,논공읍,노이4길
대구광역시,달성군,논공읍,논공로87길
대구광역시,달성군,논공읍,논공중앙로45길
대구광역시,달성군,논공읍,중부내륙지선고속도로
대구광역시,달성군,논공읍,논공로91길
대구광역시,달성군,논공읍,논공로69길
대구광역시,달성군,논공읍,논공로53길
대구광역시,달성군,논공읍,논공로71길
대구광역시,달성군,논공읍,논공중앙로51길
대구광역시,달성군,논공읍,북리2길
대구광역시,달성군,논공읍,북리1길
대구광역시,달성군,논공읍,논공중앙로30길
대구광역시,달성군,논공읍,논공로28길
대구광역시,달성군,논공읍,논공로117길
대구광역시,달성군,논공읍,논공로24길
대구광역시,달성군,논공읍,논공로26길
대구광역시,달성군,논공읍,용호로1길
대구광역시,달성군,논공읍,논공로30길
대구광역시,달성군,논공읍,논공로25길
대구광역시,달성군,논공읍,논공로17길
대구광역시,달성군,논공읍,논공중앙로32길
대구광역시,달성군,논공읍,논공중앙로33길
대구광역시,달성군,논공읍,용호로2길
대구광역시,달성군,논공읍,논공중앙로54길
대구광역시,달성군,논공읍,논공로23길
대구광역시,달성군,논공읍,논공로27길
대구광역시,달성군,논공읍,논공중앙로46길
대구광역시,달성군,논공읍,용호로
대구광역시,달성군,논공읍,북리3길
대구광역시,달성군,논공읍,논공로29길
대구광역시,달성군,논공읍,논공로21길
대구광역시,달성군,논공읍,논공중앙로52길
대구광역시,달성군,논공읍,논공중앙로34길
대구광역시,달성군,논공읍,삼리2길
대구광역시,달성군,논공읍,비슬로314길
대구광역시,달성군,논공읍,안씩실길
대구광역시,달성군,논공읍,삼리3길
대구광역시,달성군,논공읍,안씩실2길
대구광역시,달성군,논공읍,비슬로326길
대구광역시,달성군,논공읍,비슬로331길
대구광역시,달성군,논공읍,삼리1길
대구광역시,달성군,논공읍,위천2길
대구광역시,달성군,논공읍,광주대구고속도로
대구광역시,달성군,논공읍,안씩실1길
대구광역시,달성군,논공읍,비슬로339길
대구광역시,달성군,논공읍,삼리4길
대구광역시,달성군,논공읍,걸미1길
대구광역시,달성군,논공읍,비슬로264길
대구광역시,달성군,논공읍,상리공단로
대구광역시,달성군,논공읍,비슬로262길
대구광역시,달성군,논공읍,중동길
대구광역시,달성군,논공읍,걸미2길
대구광역시,달성군,논공읍,약산덧재길
대구광역시,달성군,논공읍,위천1길
대구광역시,달성군,논공읍,비슬로304길
대구광역시,달성군,논공읍,성산로
대구광역시,달성군,논공읍,비슬로306길
대구광역시,달성군,논공읍,약산덧재2길
대구광역시,달성군,논공읍,약산덧재3길
대구광역시,달성군,다사읍,다사로101길
대구광역시,달성군,다사읍,다사로97길
대구광역시,달성군,다사읍,다사로
대구광역시,달성군,다사읍,다사로91길
대구광역시,달성군,다사읍,대실역북로2길
대구광역시,달성군,다사읍,달구벌대로
대구광역시,달성군,다사읍,매곡로4길
대구광역시,달성군,다사읍,매곡로2길
대구광역시,달성군,다사읍,매곡로
대구광역시,달성군,다사읍,달구벌대로126길
대구광역시,달성군,다사읍,대실역북로5길
대구광역시,달성군,다사읍,매곡로7길
대구광역시,달성군,다사읍,대구외곽순환고속도로
대구광역시,달성군,다사읍,대실역북로
대구광역시,달성군,다사읍,대실역북로3길
대구광역시,달성군,다사읍,매곡안길
대구광역시,달성군,다사읍,다사로9길
대구광역시,달성군,다사읍,다사로4길
대구광역시,달성군,다사읍,왕선로1길
대구광역시,달성군,다사읍,왕선로
대구광역시,달성군,다사읍,대실역북로1길
대구광역시,달성군,다사읍,매곡로12길
대구광역시,달성군,다사읍,대실역북로4길
대구광역시,달성군,다사읍,다사역로
대구광역시,달성군,다사읍,다사역로1길
대구광역시,달성군,다사읍,매곡로14길
대구광역시,달성군,다사읍,달구벌대로92길
대구광역시,달성군,다사읍,문산1길
대구광역시,달성군,다사읍,문산2길
대구광역시,달성군,다사읍,문산3길
대구광역시,달성군,다사읍,달구벌대로109길
대구광역시,달성군,다사읍,낙동강자전거길
대구광역시,달성군,다사읍,문양역1길
대구광역시,달성군,다사읍,장귀미길
대구광역시,달성군,다사읍,문양역3길
대구광역시,달성군,다사읍,문양역4길
대구광역시,달성군,다사읍,문양역5길
대구광역시,달성군,다사읍,문양역길
대구광역시,달성군,다사읍,달구벌대로77길
대구광역시,달성군,다사읍,문양역2길
대구광역시,달성군,다사읍,다사로109길
대구광역시,달성군,다사읍,서재로
대구광역시,달성군,다사읍,부곡1길
대구광역시,달성군,다사읍,부곡2길
대구광역시,달성군,다사읍,달구벌대로115길
대구광역시,달성군,다사읍,서재로33길
대구광역시,달성군,다사읍,서재본길
대구광역시,달성군,다사읍,서재로16길
대구광역시,달성군,다사읍,서재본2길
대구광역시,달성군,다사읍,서재본1길
대구광역시,달성군,다사읍,서재로30길
대구광역시,달성군,다사읍,서재로12길
대구광역시,달성군,다사읍,서재로28길
대구광역시,달성군,다사읍,서재로24길
대구광역시,달성군,다사읍,서재로27길
대구광역시,달성군,다사읍,서재로18길
대구광역시,달성군,다사읍,서재로7길
대구광역시,달성군,다사읍,세천로
대구광역시,달성군,다사읍,서재본4길
대구광역시,달성군,다사읍,서재로20길
대구광역시,달성군,다사읍,서재로23길
대구광역시,달성군,다사읍,서재로14길
대구광역시,달성군,다사읍,서재로34길
대구광역시,달성군,다사읍,서재로26길
대구광역시,달성군,다사읍,서재로31길
대구광역시,달성군,다사읍,궁산2길
대구광역시,달성군,다사읍,서재로36길
대구광역시,달성군,다사읍,서재본5길
대구광역시,달성군,다사읍,궁산1길
대구광역시,달성군,다사읍,서재본3길
대구광역시,달성군,다사읍,세천로21길
대구광역시,달성군,다사읍,세천남로
대구광역시,달성군,다사읍,세천북로14길
대구광역시,달성군,다사읍,세천본4길
대구광역시,달성군,다사읍,세천본길
대구광역시,달성군,다사읍,세천북로8길
대구광역시,달성군,다사읍,세천북로10길
대구광역시,달성군,다사읍,세천로10길
대구광역시,달성군,다사읍,세천본1길
대구광역시,달성군,다사읍,세천북로7길
대구광역시,달성군,다사읍,세천로1길
대구광역시,달성군,다사읍,세천남로2길
대구광역시,달성군,다사읍,세천북로
대구광역시,달성군,다사읍,세천로6길
대구광역시,달성군,다사읍,세천본3길
대구광역시,달성군,다사읍,세천북로9길
대구광역시,달성군,다사읍,세천로7길
대구광역시,달성군,다사읍,세천본2길
대구광역시,달성군,다사읍,세천로9길
대구광역시,달성군,다사읍,세천로11길
대구광역시,달성군,다사읍,세천북로18길
대구광역시,달성군,다사읍,세천로10안길
대구광역시,달성군,다사읍,세천북로16길
대구광역시,달성군,다사읍,세천본5길
대구광역시,달성군,다사읍,세천로8길
대구광역시,달성군,다사읍,세천로2길
대구광역시,달성군,다사읍,세천로3길
대구광역시,달성군,다사읍,세천로4길
대구광역시,달성군,다사읍,다사로69길
대구광역시,달성군,다사읍,다사로71길
대구광역시,달성군,다사읍,하빈로84길
대구광역시,달성군,다사읍,대실역남로
대구광역시,달성군,다사읍,죽곡2길
대구광역시,달성군,다사읍,달구벌대로174길
대구광역시,달성군,다사읍,죽곡1길
대구광역시,달성군,다사읍,강정본길
대구광역시,달성군,다사읍,대실역남로1길
대구광역시,달성군,다사읍,대실역남로2길
대구광역시,달성군,다사읍,대실역남로4길
대구광역시,달성군,다사읍,대실역남로3길
대구광역시,달성군,다사읍,강정길
대구광역시,달성군,옥포읍,성화로
대구광역시,달성군,옥포읍,간경1길
대구광역시,달성군,옥포읍,간경길
대구광역시,달성군,옥포읍,비슬로455길
대구광역시,달성군,옥포읍,비슬로
대구광역시,달성군,옥포읍,간경2길
대구광역시,달성군,옥포읍,간경3길
대구광역시,달성군,옥포읍,비슬로457길
대구광역시,달성군,옥포읍,비슬로495길
대구광역시,달성군,옥포읍,강림1길
대구광역시,달성군,옥포읍,강림3길
대구광역시,달성군,옥포읍,강림2길
대구광역시,달성군,옥포읍,시저로
대구광역시,달성군,옥포읍,돌미로
대구광역시,달성군,옥포읍,돌미로2길
대구광역시,달성군,옥포읍,돌미로2서길
대구광역시,달성군,옥포읍,시저로3길
대구광역시,달성군,옥포읍,시저로5길
대구광역시,달성군,옥포읍,시저로4길
대구광역시,달성군,옥포읍,비슬로387길
대구광역시,달성군,옥포읍,시저로6길
대구광역시,달성군,옥포읍,시저로2길
대구광역시,달성군,옥포읍,시저로1길
대구광역시,달성군,옥포읍,농공공단길
대구광역시,달성군,옥포읍,농공공단1길
대구광역시,달성군,옥포읍,금강로
대구광역시,달성군,옥포읍,비슬로384길
대구광역시,달성군,옥포읍,교항3길
대구광역시,달성군,옥포읍,교항2길
대구광역시,달성군,옥포읍,교항4길
대구광역시,달성군,옥포읍,법화길
대구광역시,달성군,옥포읍,이팝나무길
대구광역시,달성군,옥포읍,교항5길
대구광역시,달성군,옥포읍,돌미로5길
대구광역시,달성군,옥포읍,마갯들2길
대구광역시,달성군,옥포읍,돌미상업로2길
대구광역시,달성군,옥포읍,금계길
대구광역시,달성군,옥포읍,돌미상업로1길
대구광역시,달성군,옥포읍,다리목중앙길
대구광역시,달성군,옥포읍,돌미상업로
대구광역시,달성군,옥포읍,교항6길
대구광역시,달성군,옥포읍,교항1길
대구광역시,달성군,옥포읍,비슬로420길
대구광역시,달성군,옥포읍,돌미로6길
대구광역시,달성군,옥포읍,돌미로8길
대구광역시,달성군,옥포읍,신당교항길
대구광역시,달성군,옥포읍,신당3길
대구광역시,달성군,옥포읍,교항제림길
대구광역시,달성군,옥포읍,신당길
대구광역시,달성군,옥포읍,옥포로57길
대구광역시,달성군,옥포읍,옥포로
대구광역시,달성군,옥포읍,옥포로56길
대구광역시,달성군,옥포읍,비슬로458길
대구광역시,달성군,옥포읍,옥포로77길
대구광역시,달성군,옥포읍,비슬로468길
대구광역시,달성군,옥포읍,비슬로453길
대구광역시,달성군,옥포읍,김흥길
대구광역시,달성군,옥포읍,옥포로113길
대구광역시,달성군,옥포읍,능전길
대구광역시,달성군,옥포읍,옥포로111길
대구광역시,달성군,옥포읍,원전1길
대구광역시,달성군,옥포읍,원전길
대구광역시,달성군,옥포읍,만수길
대구광역시,달성군,옥포읍,용연사길
대구광역시,달성군,옥포읍,반송길
대구광역시,달성군,옥포읍,기산1길
대구광역시,달성군,옥포읍,기산2길
대구광역시,달성군,옥포읍,반송6길
대구광역시,달성군,옥포읍,반송2길
대구광역시,달성군,옥포읍,반송1길
대구광역시,달성군,옥포읍,명곡로
대구광역시,달성군,옥포읍,반송3길
대구광역시,달성군,옥포읍,반송5길
대구광역시,달성군,옥포읍,반송4길
대구광역시,달성군,옥포읍,옥계길
대구광역시,달성군,옥포읍,비슬로431길
대구광역시,달성군,옥포읍,비슬로447길
대구광역시,달성군,옥포읍,비슬로446길
대구광역시,달성군,옥포읍,본리로16길
대구광역시,달성군,옥포읍,대방길
대구광역시,달성군,옥포읍,본리로20길
대구광역시,달성군,옥포읍,본리로
대구광역시,달성군,옥포읍,비슬로438길
대구광역시,달성군,옥포읍,본리로9길
대구광역시,달성군,옥포읍,본리로24길
대구광역시,달성군,옥포읍,옥계1길
대구광역시,달성군,옥포읍,본리로12길
대구광역시,달성군,옥포읍,비슬로434길
대구광역시,달성군,옥포읍,비슬로432길
대구광역시,달성군,옥포읍,옥계2길
대구광역시,달성군,옥포읍,비슬로442길
대구광역시,달성군,옥포읍,본리로18길
대구광역시,달성군,옥포읍,비슬로430길
대구광역시,달성군,옥포읍,송촌길
대구광역시,달성군,옥포읍,신당1길
대구광역시,달성군,옥포읍,신당2길
대구광역시,달성군,옥포읍,신당4길
대구광역시,달성군,옥포읍,신당6길
대구광역시,달성군,옥포읍,신당5길
대구광역시,달성군,옥포읍,마갯들1길
대구광역시,달성군,유가읍,가태길
대구광역시,달성군,유가읍,석샘길
대구광역시,달성군,유가읍,달창로
대구광역시,달성군,유가읍,구례길
대구광역시,달성군,유가읍,가태안길
대구광역시,달성군,유가읍,테크노중앙대로1길
대구광역시,달성군,유가읍,테크노순환로3길
대구광역시,달성군,유가읍,비슬로96길
대구광역시,달성군,유가읍,테크노중앙대로
대구광역시,달성군,유가읍,테크노순환로4길
대구광역시,달성군,유가읍,테크노순환로1길
대구광역시,달성군,유가읍,테크노순환로
대구광역시,달성군,유가읍,테크노남로3길
대구광역시,달성군,유가읍,용금공단길
대구광역시,달성군,유가읍,비슬로64길
대구광역시,달성군,유가읍,비슬로
대구광역시,달성군,유가읍,테크노순환로8길
대구광역시,달성군,유가읍,못안길
대구광역시,달성군,유가읍,도의길
대구광역시,달성군,유가읍,도의1길
대구광역시,달성군,유가읍,도의2길
대구광역시,달성군,유가읍,도의3길
대구광역시,달성군,유가읍,비슬로36길
대구광역시,달성군,유가읍,유가1길
대구광역시,달성군,유가읍,비슬로63길
대구광역시,달성군,유가읍,개실길
대구광역시,달성군,유가읍,달창로87길
대구광역시,달성군,유가읍,곽천대산로
대구광역시,달성군,유가읍,테크노상업로
대구광역시,달성군,유가읍,테크노중앙대로6길
대구광역시,달성군,유가읍,테크노상업로4길
대구광역시,달성군,유가읍,테크노북로6길
대구광역시,달성군,유가읍,현풍로
대구광역시,달성군,유가읍,테크노공원로
대구광역시,달성군,유가읍,테크노북로
대구광역시,달성군,유가읍,테크노대로5길
대구광역시,달성군,유가읍,테크노북로9길
대구광역시,달성군,유가읍,테크노대로
대구광역시,달성군,유가읍,테크노북로5길
대구광역시,달성군,유가읍,유가북길
대구광역시,달성군,유가읍,테크노남로11길
대구광역시,달성군,유가읍,테크노남로5길
대구광역시,달성군,유가읍,테크노남로7길
대구광역시,달성군,유가읍,테크노남로9길
대구광역시,달성군,유가읍,테크노남로
대구광역시,달성군,유가읍,테크노순환로7길
대구광역시,달성군,유가읍,테크노중앙대로4길
대구광역시,달성군,유가읍,테크노순환로5길
대구광역시,달성군,유가읍,테크노대로6길
대구광역시,달성군,유가읍,현풍로47길
대구광역시,달성군,유가읍,휴양림길
대구광역시,달성군,유가읍,유가북1길
대구광역시,달성군,유가읍,휴양림2길
대구광역시,달성군,유가읍,음동길
대구광역시,달성군,유가읍,유가사길
대구광역시,달성군,유가읍,유가사2길
대구광역시,달성군,유가읍,유가사1길
대구광역시,달성군,유가읍,도성길
대구광역시,달성군,유가읍,용리길
대구광역시,달성군,유가읍,테크노순환로12길
대구광역시,달성군,유가읍,일연선사길
대구광역시,달성군,유가읍,테크노순환로10길
대구광역시,달성군,유가읍,휴양림1길
대구광역시,달성군,유가읍,유곡길
대구광역시,달성군,유가읍,유가2길
대구광역시,달성군,유가읍,유가길
대구광역시,달성군,유가읍,유곡1길
대구광역시,달성군,유가읍,테크노중앙대로2길
대구광역시,달성군,유가읍,유곡2길
대구광역시,달성군,유가읍,유곡3길
대구광역시,달성군,유가읍,음동3길
대구광역시,달성군,유가읍,음동2길
대구광역시,달성군,유가읍,음동1길
대구광역시,달성군,유가읍,비슬로34길
대구광역시,달성군,유가읍,창한로
대구광역시,달성군,유가읍,달창로26길
대구광역시,달성군,유가읍,달창로28길
대구광역시,달성군,유가읍,달창로25길
대구광역시,달성군,유가읍,달창로17길
대구광역시,달성군,유가읍,한정길
대구광역시,달성군,하빈면,하빈로66길
대구광역시,달성군,하빈면,하빈로52길
대구광역시,달성군,하빈면,하빈로24길
대구광역시,달성군,하빈면,하산길
대구광역시,달성군,하빈면,하빈로
대구광역시,달성군,하빈면,묘동1길
대구광역시,달성군,하빈면,터실길
대구광역시,달성군,하빈면,기곡3길
대구광역시,달성군,하빈면,기곡1길
대구광역시,달성군,하빈면,하빈로107길
대구광역시,달성군,하빈면,기곡길
대구광역시,달성군,하빈면,터개울길
대구광역시,달성군,하빈면,기곡2길
대구광역시,달성군,하빈면,기곡4길
대구광역시,달성군,하빈면,하빈로179길
대구광역시,달성군,하빈면,하빈로180길
대구광역시,달성군,하빈면,하빈로171길
대구광역시,달성군,하빈면,하빈로172길
대구광역시,달성군,하빈면,달구벌대로35길
대구광역시,달성군,하빈면,달구벌대로55길
대구광역시,달성군,하빈면,하빈남로
대구광역시,달성군,하빈면,하빈남로37길
대구광역시,달성군,하빈면,동곡길
대구광역시,달성군,하빈면,장귀미길
대구광역시,달성군,하빈면,하빈남로27길
대구광역시,달성군,하빈면,달구벌대로28길
대구광역시,달성군,하빈면,하빈남로40길
대구광역시,달성군,하빈면,달구벌대로
대구광역시,달성군,하빈면,육신사길
대구광역시,달성군,하빈면,묘동3길
대구광역시,달성군,하빈면,묘동4길
대구광역시,달성군,하빈면,하빈로65길
대구광역시,달성군,하빈면,묘동길
대구광역시,달성군,하빈면,묘동5길
대구광역시,달성군,하빈면,묘동2길
대구광역시,달성군,하빈면,하빈로87길
대구광역시,달성군,하빈면,하빈로140길
대구광역시,달성군,하빈면,하빈로120길
대구광역시,달성군,하빈면,달구벌대로12길
대구광역시,달성군,하빈면,하빈남로77길
대구광역시,달성군,하빈면,달구벌대로8길
대구광역시,달성군,하빈면,하빈남로52길
대구광역시,달성군,하빈면,봉촌1길
대구광역시,달성군,하빈면,하빈남로54길
대구광역시,달성군,하빈면,하빈남로104길
대구광역시,달성군,하빈면,봉촌2길
대구광역시,달성군,하빈면,하산2길
대구광역시,달성군,하빈면,하목정1길
대구광역시,달성군,하빈면,하목정2길
대구광역시,달성군,하빈면,하산1길
대구광역시,달성군,하빈면,하산4길
대구광역시,달성군,하빈면,하목정길
대구광역시,달성군,하빈면,하산3길
대구광역시,달성군,하빈면,강변대로
대구광역시,달성군,하빈면,달구벌대로2길
대구광역시,달성군,하빈면,하빈로77길
대구광역시,달성군,하빈면,하빈로78길
대구광역시,달성군,하빈면,하빈로94길
대구광역시,달성군,하빈면,하빈로86길
대구광역시,달성군,하빈면,하빈로84길
대구광역시,달성군,하빈면,하빈로90길
대구광역시,달성군,하빈면,하빈로82길
대구광역시,달성군,하빈면,하빈로109길
대구광역시,달성군,하빈면,하빈로92길
대구광역시,달성군,하빈면,하빈로106길
대구광역시,달성군,하빈면,하빈로80길
대구광역시,달성군,현풍읍,삼강길
대구광역시,달성군,현풍읍,삼강4길
대구광역시,달성군,현풍읍,국가산단북로
대구광역시,달성군,현풍읍,삼강3길
대구광역시,달성군,현풍읍,삼강2길
대구광역시,달성군,현풍읍,국가산단북로78길
대구광역시,달성군,현풍읍,국가산단대로70길
대구광역시,달성군,현풍읍,대리길
대구광역시,달성군,현풍읍,국가산단북로80길
대구광역시,달성군,현풍읍,삼강5길
대구광역시,달성군,현풍읍,삼강1길
대구광역시,달성군,현풍읍,중부내륙지선고속도로
대구광역시,달성군,현풍읍,국가산단북로100길
대구광역시,달성군,현풍읍,지동길
대구광역시,달성군,현풍읍,현풍중앙로16길
대구광역시,달성군,현풍읍,현풍동로29길
대구광역시,달성군,현풍읍,현풍동로27길
대구광역시,달성군,현풍읍,현풍중앙로21길
대구광역시,달성군,현풍읍,현풍중앙로20길
대구광역시,달성군,현풍읍,현풍중앙로22길
대구광역시,달성군,현풍읍,비슬로134길
대구광역시,달성군,현풍읍,부리2길
대구광역시,달성군,현풍읍,부리1길
대구광역시,달성군,현풍읍,현풍동로19길
대구광역시,달성군,현풍읍,현풍동로
대구광역시,달성군,현풍읍,현풍중앙로15길
대구광역시,달성군,현풍읍,현풍중앙로
대구광역시,달성군,현풍읍,현풍중앙로26길
대구광역시,달성군,현풍읍,현풍동로25길
대구광역시,달성군,현풍읍,현풍동로20길
대구광역시,달성군,현풍읍,현풍동로21길
대구광역시,달성군,현풍읍,현풍동로22길
대구광역시,달성군,현풍읍,현풍로29길
대구광역시,달성군,현풍읍,테크노중앙대로
대구광역시,달성군,현풍읍,현풍동로23길
대구광역시,달성군,현풍읍,상리2길
대구광역시,달성군,현풍읍,상리1길
대구광역시,달성군,현풍읍,현풍로24길
대구광역시,달성군,현풍읍,현풍로
대구광역시,달성군,현풍읍,현풍동로18길
대구광역시,달성군,현풍읍,유가북길
대구광역시,달성군,현풍읍,현풍로27길
대구광역시,달성군,현풍읍,성하1길
대구광역시,달성군,현풍읍,논공로
대구광역시,달성군,현풍읍,성하길
대구광역시,달성군,현풍읍,비슬로
대구광역시,달성군,현풍읍,비슬로156길
대구광역시,달성군,현풍읍,비슬로136길
대구광역시,달성군,현풍읍,성하2길
대구광역시,달성군,현풍읍,비슬로64길
대구광역시,달성군,현풍읍,현풍서로71길
대구광역시,달성군,현풍읍,현풍서로43길
대구광역시,달성군,현풍읍,현풍서로
대구광역시,달성군,현풍읍,비슬로130길
대구광역시,달성군,현풍읍,원교길
대구광역시,달성군,현풍읍,비슬로116길
대구광역시,달성군,현풍읍,현풍로6길
대구광역시,달성군,현풍읍,현풍로10길
대구광역시,달성군,현풍읍,현풍로8길
대구광역시,달성군,현풍읍,비슬로127길
대구광역시,달성군,현풍읍,비슬로128길
대구광역시,달성군,현풍읍,비슬로122길
대구광역시,달성군,현풍읍,비슬로118길
대구광역시,달성군,현풍읍,비슬로121길
대구광역시,달성군,현풍읍,비슬로120길
대구광역시,달성군,현풍읍,비슬로132길
대구광역시,달성군,현풍읍,현풍서로91길
대구광역시,달성군,현풍읍,현풍서로93길
대구광역시,달성군,현풍읍,현풍서로115길
대구광역시,달성군,현풍읍,테크노상업로2길
대구광역시,달성군,현풍읍,테크노중앙대로5길
대구광역시,달성군,현풍읍,현풍로20길
대구광역시,달성군,현풍읍,테크노공원로
대구광역시,달성군,현풍읍,테크노대로
대구광역시,달성군,현풍읍,현풍중앙로10길
대구광역시,달성군,현풍읍,테크노상업로
대구광역시,달성군,현풍읍,테크노북로3길
대구광역시,달성군,현풍읍,현풍로16길
대구광역시,달성군,현풍읍,테크노북로
대구광역시,달성군,현풍읍,현풍동로13길
대구광역시,달성군,현풍읍,테크노대로4길
대구광역시,달성군,현풍읍,현풍중앙로14길
대구광역시,달성군,현풍읍,테크노대로2길
대구광역시,달성군,현풍읍,현풍로14길
대구광역시,달성군,현풍읍,중리길
대구광역시,달성군,현풍읍,현풍동로12길
대구광역시,달성군,현풍읍,현풍중앙로12길
대구광역시,달성군,현풍읍,테크노북로4길
대구광역시,달성군,현풍읍,테크노북로2길
대구광역시,달성군,현풍읍,지동3길
대구광역시,달성군,현풍읍,지동1길
대구광역시,달성군,현풍읍,지동2길
대구광역시,달성군,현풍읍,지동4길
대구광역시,달성군,현풍읍,현풍로12길
대구광역시,달성군,화원읍,구라2길
대구광역시,달성군,화원읍,사문진로5길
대구광역시,달성군,화원읍,구라1길
대구광역시,달성군,화원읍,성천로42길
대구광역시,달성군,화원읍,구라로
대구광역시,달성군,화원읍,비슬로
대구광역시,달성군,화원읍,성천로
대구광역시,달성군,화원읍,구라4길
대구광역시,달성군,화원읍,구라3길
대구광역시,달성군,화원읍,비슬로539길
대구광역시,달성군,화원읍,사문진자전거길
대구광역시,달성군,화원읍,비슬로543길
대구광역시,달성군,화원읍,비슬로500길
대구광역시,달성군,화원읍,명곡로
대구광역시,달성군,화원읍,화암로
대구광역시,달성군,화원읍,비슬로504길
대구광역시,달성군,화원읍,비슬로506길
대구광역시,달성군,화원읍,명천로
대구광역시,달성군,화원읍,인흥1길
대구광역시,달성군,화원읍,명곡로16길
대구광역시,달성군,화원읍,명곡로22길
대구광역시,달성군,화원읍,비슬로510길
대구광역시,달성군,화원읍,비슬로502길
대구광역시,달성군,화원읍,홈실길
대구광역시,달성군,화원읍,비슬로497길
대구광역시,달성군,화원읍,명천로40길
대구광역시,달성군,화원읍,성화로
대구광역시,달성군,화원읍,테크노폴리스로
대구광역시,달성군,화원읍,비슬로508길
대구광역시,달성군,화원읍,비슬로530길
대구광역시,달성군,화원읍,화원휴양림길
대구광역시,달성군,화원읍,인흥길
대구광역시,달성군,화원읍,인흥2길
대구광역시,달성군,화원읍,인흥3길
대구광역시,달성군,화원읍,마비정길
대구광역시,달성군,화원읍,성암로1길
대구광역시,달성군,화원읍,비슬로532길
대구광역시,달성군,화원읍,성암로2길
대구광역시,달성군,화원읍,성암로
대구광역시,달성군,화원읍,명천로17길
대구광역시,달성군,화원읍,비슬로528길
대구광역시,달성군,화원읍,비슬로485길
대구광역시,달성군,화원읍,비슬로491길
대구광역시,달성군,화원읍,류목정길
대구광역시,달성군,화원읍,설화안길
대구광역시,달성군,화원읍,비슬로487길
대구광역시,달성군,화원읍,옥터길
대구광역시,달성군,화원읍,비슬로481길
대구광역시,달성군,화원읍,설화본길
대구광역시,달성군,화원읍,서쪽길
대구광역시,달성군,화원읍,사문진로1길
대구광역시,달성군,화원읍,비슬로479길
대구광역시,달성군,화원읍,비슬로495길
대구광역시,달성군,화원읍,비슬로486길
대구광역시,달성군,화원읍,모개골길
대구광역시,달성군,화원읍,장길
대구광역시,달성군,화원읍,성화로10길
대구광역시,달성군,화원읍,사문진로
대구광역시,달성군,화원읍,사문진로2길
대구광역시,달성군,화원읍,성천로12길
대구광역시,달성군,화원읍,사문진로3길
대구광역시,달성군,화원읍,사문진로4길
대구광역시,달성군,화원읍,성천로10길
대구광역시,달성군,화원읍,성화로2길
대구광역시,달성군,화원읍,비슬로509길
대구광역시,달성군,화원읍,성화로4길
대구광역시,달성군,화원읍,성화로6길
대구광역시,달성군,화원읍,명천로31길
대구광역시,달성군,화원읍,비슬로516길
대구광역시,달성군,화원읍,화원로1길
대구광역시,달성군,화원읍,비슬로520길
대구광역시,달성군,화원읍,비슬로512길
대구광역시,달성군,화원읍,성천로24길
대구광역시,달성군,화원읍,성천로28길
대구광역시,달성군,화원읍,화원로3길
대구광역시,달성군,화원읍,화원로7길
대구광역시,달성군,화원읍,명천로27길
대구광역시,달성군,화원읍,명천로33길
대구광역시,달성군,화원읍,비슬로511길
대구광역시,달성군,화원읍,비슬로523길
대구광역시,달성군,화원읍,화원로2길
대구광역시,달성군,화원읍,명천로19길
대구광역시,달성군,화원읍,성천로26길
대구광역시,달성군,화원읍,명천로21길
대구광역시,달성군,화원읍,성천로30길
대구광역시,달성군,화원읍,비슬로522길
대구광역시,달성군,화원읍,사문진로7길
대구광역시,달성군,화원읍,사문진로6길
대구광역시,달성군,화원읍,화원로
대구광역시,달성군,화원읍,비슬로525길
대구광역시,동구,,신서로21길
대구광역시,동구,,반야월로
대구광역시,동구,,경안로
대구광역시,동구,,반야월북로
대구광역시,동구,,과학로17길
대구광역시,동구,,안심로
대구광역시,동구,,이노밸리로29길
대구광역시,동구,,과학로6길
대구광역시,동구,,과학로13길
대구광역시,동구,,과학로4길
대구광역시,동구,,반야월북로27길
대구광역시,동구,,이노밸리로
대구광역시,동구,,이노밸리로46길
대구광역시,동구,,과학로
대구광역시,동구,,혁신대로35길
대구광역시,동구,,신서로
대구광역시,동구,,매여로
대구광역시,동구,,반야월북로11길
대구광역시,동구,,이노밸리로26길
대구광역시,동구,,이노밸리로42길
대구광역시,동구,,안심로59길
대구광역시,동구,,과학로2길
대구광역시,동구,,이노밸리로36길
대구광역시,동구,,혁신대로
대구광역시,동구,,안심로65길
대구광역시,동구,,방촌로1길
대구광역시,동구,,동촌로
대구광역시,동구,,동촌역사로3길
대구광역시,동구,,방촌로11길
대구광역시,동구,,동촌로14길
대구광역시,동구,,동촌로25길
대구광역시,동구,,입석로
대구광역시,동구,,해동로
대구광역시,동구,,동촌로10길
대구광역시,동구,,동촌역사로4길
대구광역시,동구,,방촌로
대구광역시,동구,,방촌로13길
대구광역시,동구,,동촌역사로2길
대구광역시,동구,,동촌로11길
대구광역시,동구,,동촌로16길
대구광역시,동구,,동촌로8길
대구광역시,동구,,동촌로6길
대구광역시,동구,,동촌역사로
대구광역시,동구,,방촌로3길
대구광역시,동구,,둔산로51길
대구광역시,동구,,입석로3길
대구광역시,동구,,동촌로24길
대구광역시,동구,,둔산로
대구광역시,동구,,방촌로15길
대구광역시,동구,,안심로102길
대구광역시,동구,,동내로
대구광역시,동구,,대림로
대구광역시,동구,,금강로
대구광역시,동구,,안심로90길
대구광역시,동구,,동호로
대구광역시,동구,,대림로2길
대구광역시,동구,,혁신대로78길
대구광역시,동구,,금강로21길
대구광역시,동구,,금강로39길
대구광역시,동구,,동호로2길
대구광역시,동구,,금강로53길
대구광역시,동구,,금호강변로
대구광역시,동구,,노실길
대구광역시,동구,,노실1길
대구광역시,동구,,숙천로
대구광역시,동구,,노실2길
대구광역시,동구,,대경로
대구광역시,동구,,내동로6길
대구광역시,동구,,내동로
대구광역시,동구,,팔공로
대구광역시,동구,,능성1길
대구광역시,동구,,능성길
대구광역시,동구,,지경길
대구광역시,동구,,팔공로275길
대구광역시,동구,,갓바위로
대구광역시,동구,,메디밸리로
대구광역시,동구,,사복로
대구광역시,동구,,팔공산로
대구광역시,동구,,팔공산로9길
대구광역시,동구,,팔공산로2길
대구광역시,동구,,서촌로23길
대구광역시,동구,,서촌로7길
대구광역시,동구,,서촌로21길
대구광역시,동구,,서촌로
대구광역시,동구,,파계로
대구광역시,동구,,팔공로24길
대구광역시,동구,,팔공로26길
대구광역시,동구,,도평로
대구광역시,동구,,도평로51길
대구광역시,동구,,팔공로28길
대구광역시,동구,,도평로43길
대구광역시,동구,,도평로38길
대구광역시,동구,,도평로77길
대구광역시,동구,,동화사1길
대구광역시,동구,,도장길
대구광역시,동구,,팔공산로254길
대구광역시,동구,,팔공산로237길
대구광역시,동구,,첨복로
대구광역시,동구,,동내로20길
대구광역시,동구,,경안로102길
대구광역시,동구,,안심로55길
대구광역시,동구,,경안로107길
대구광역시,동구,,경안로105길
대구광역시,동구,,안심로51길
대구광역시,동구,,안심로53길
대구광역시,동구,,동호로3길
대구광역시,동구,,경안로106길
대구광역시,동구,,경안로109길
대구광역시,동구,,안심로49길
대구광역시,동구,,대구외곽순환고속도로
대구광역시,동구,,옻골로22길
대구광역시,동구,,옻골로13길
대구광역시,동구,,옻골로20길
대구광역시,동구,,둔산로62길
대구광역시,동구,,옻골로
대구광역시,동구,,옻골로16길
대구광역시,동구,,둔산로68길
대구광역시,동구,,둔산로40길
대구광역시,동구,,매여로8길
대구광역시,동구,,매여로2길
대구광역시,동구,,용천로6길
대구광역시,동구,,용천로
대구광역시,동구,,팔공로201길
대구광역시,동구,,미대1길
대구광역시,동구,,구암길
대구광역시,동구,,미대길
대구광역시,동구,,구암3길
대구광역시,동구,,구암2길
대구광역시,동구,,구암4길
대구광역시,동구,,구암1길
대구광역시,동구,,동촌로54길
대구광역시,동구,,동촌로56길
대구광역시,동구,,화랑로88길
대구광역시,동구,,화랑로80길
대구광역시,동구,,화랑로75길
대구광역시,동구,,동촌로48길
대구광역시,동구,,화랑로
대구광역시,동구,,호반길
대구광역시,동구,,동촌로41길
대구광역시,동구,,화랑로73길
대구광역시,동구,,둔산로2길
대구광역시,동구,,동촌로58길
대구광역시,동구,,방촌로17길
대구광역시,동구,,동촌로42길
대구광역시,동구,,동촌로46길
대구광역시,동구,,신평로
대구광역시,동구,,화랑로69길
대구광역시,동구,,둔산로29길
대구광역시,동구,,동촌로45길
대구광역시,동구,,둔산로45길
대구광역시,동구,,방촌로21길
대구광역시,동구,,방촌로29길
대구광역시,동구,,화랑로91길
대구광역시,동구,,둔산로27길
대구광역시,동구,,둔산로47길
대구광역시,동구,,팔공로197길
대구광역시,동구,,팔공로207길
대구광역시,동구,,팔공로220길
대구광역시,동구,,팔공산로277길
대구광역시,동구,,팔공산로292길
대구광역시,동구,,팔공로211길
대구광역시,동구,,팔공로209길
대구광역시,동구,,팔공로217길
대구광역시,동구,,팔공로205길
대구광역시,동구,,팔공로206길
대구광역시,동구,,팔공로226길
대구광역시,동구,,팔공로228길
대구광역시,동구,,팔공로49길
대구광역시,동구,,팔공로53길
대구광역시,동구,,팔공로50길
대구광역시,동구,,팔공로68길
대구광역시,동구,,팔공로67길
대구광역시,동구,,단산길
대구광역시,동구,,팔공로47길
대구광역시,동구,,팔공로51길
대구광역시,동구,,위남로
대구광역시,동구,,위남로2길
대구광역시,동구,,팔공로70길
대구광역시,동구,,팔공로45길
대구광역시,동구,,부동7길
대구광역시,동구,,부동길
대구광역시,동구,,옻골로8길
대구광역시,동구,,매여로1길
대구광역시,동구,,팔공로37길
대구광역시,동구,,팔공로23길
대구광역시,동구,,팔공로29길
대구광역시,동구,,팔공로27길
대구광역시,동구,,팔공로25길
대구광역시,동구,,팔공로34길
대구광역시,동구,,팔공로30길
대구광역시,동구,,팔공로7길
대구광역시,동구,,공항로33길
대구광역시,동구,,방천로1길
대구광역시,동구,,방천로6길
대구광역시,동구,,공항로
대구광역시,동구,,팔공로32길
대구광역시,동구,,해동로6길
대구광역시,동구,,방천로5길
대구광역시,동구,,팔공로36길
대구광역시,동구,,해동로8길
대구광역시,동구,,방천로2길
대구광역시,동구,,팔공로31길
대구광역시,동구,,해동로2길
대구광역시,동구,,팔공로35길
대구광역시,동구,,공항로31길
대구광역시,동구,,팔공로38길
대구광역시,동구,,방천로
대구광역시,동구,,방천로3길
대구광역시,동구,,팔공로33길
대구광역시,동구,,방천로7길
대구광역시,동구,,메디밸리로8길
대구광역시,동구,,메디밸리로10길
대구광역시,동구,,메디밸리로12길
대구광역시,동구,,율암로
대구광역시,동구,,율하동로24길
대구광역시,동구,,안심로43길
대구광역시,동구,,경안로101길
대구광역시,동구,,안심로50길
대구광역시,동구,,안심로42길
대구광역시,동구,,율하동로26길
대구광역시,동구,,경안로103길
대구광역시,동구,,안심로41길
대구광역시,동구,,팔공산로23길
대구광역시,동구,,팔공산로29길
대구광역시,동구,,대경로2길
대구광역시,동구,,초례로
대구광역시,동구,,숙천로6길
대구광역시,동구,,숙천로2길
대구광역시,동구,,초례로16길
대구광역시,동구,,숙천로16길
대구광역시,동구,,반야월로32길
대구광역시,동구,,반야월로26길
대구광역시,동구,,율하동로28길
대구광역시,동구,,율하동로27길
대구광역시,동구,,율하동로
대구광역시,동구,,반야월로30길
대구광역시,동구,,반야월로34길
대구광역시,동구,,반야월로28길
대구광역시,동구,,율하동로25길
대구광역시,동구,,율하동로20길
대구광역시,동구,,반야월로36길
대구광역시,동구,,율하동로23길
대구광역시,동구,,반야월로24길
대구광역시,동구,,용천로102길
대구광역시,동구,,용천로76길
대구광역시,동구,,용천로77길
대구광역시,동구,,이노밸리로56길
대구광역시,동구,,반야월북로55길
대구광역시,동구,,반야월북로57길
대구광역시,동구,,첨단로8길
대구광역시,동구,,안심로73길
대구광역시,동구,,금강로16길
대구광역시,동구,,이노밸리로54길
대구광역시,동구,,신서로22길
대구광역시,동구,,반야월북로59길
대구광역시,동구,,안심로69길
대구광역시,동구,,동호로9길
대구광역시,동구,,동호로11길
대구광역시,동구,,이노밸리로57길
대구광역시,동구,,반야월북로53길
대구광역시,동구,,첨단로
대구광역시,동구,,동호로5길
대구광역시,동구,,동호로7길
대구광역시,동구,,송라로
대구광역시,동구,,신암남로27길
대구광역시,동구,,아양로2길
대구광역시,동구,,아양로41길
대구광역시,동구,,신암북로
대구광역시,동구,,평화로
대구광역시,동구,,동북로
대구광역시,동구,,신암남로28길
대구광역시,동구,,신암남로
대구광역시,동구,,아양로9길
대구광역시,동구,,신암북로11길
대구광역시,동구,,송라로25길
대구광역시,동구,,아양로34길
대구광역시,동구,,아양로7길
대구광역시,동구,,신암남로24길
대구광역시,동구,,아양로8길
대구광역시,동구,,신암로
대구광역시,동구,,아양로10길
대구광역시,동구,,송라로32길
대구광역시,동구,,신암로20길
대구광역시,동구,,신암남로15길
대구광역시,동구,,아양로
대구광역시,동구,,동북로81길
대구광역시,동구,,아양로15길
대구광역시,동구,,아양로14길
대구광역시,동구,,신암로16길
대구광역시,동구,,큰고개로
대구광역시,동구,,신성로
대구광역시,동구,,경대로
대구광역시,동구,,아양로47길
대구광역시,동구,,송라로28길
대구광역시,동구,,아양로6길
대구광역시,동구,,아양로11길
대구광역시,동구,,신암남로23길
대구광역시,동구,,신암남로5길
대구광역시,동구,,동북로83길
대구광역시,동구,,아양로39길
대구광역시,동구,,아양로49길
대구광역시,동구,,신암남로30길
대구광역시,동구,,신암로18길
대구광역시,동구,,동북로72길
대구광역시,동구,,아양로22길
대구광역시,동구,,아양로27길
대구광역시,동구,,동대구로
대구광역시,동구,,아양로37길
대구광역시,동구,,효신로16길
대구광역시,동구,,동북로75길
대구광역시,동구,,아양로24길
대구광역시,동구,,신암북로7길
대구광역시,동구,,신암로14길
대구광역시,동구,,송라로24길
대구광역시,동구,,대현로
대구광역시,동구,,신암남로11길
대구광역시,동구,,동북로79길
대구광역시,동구,,동대구로99길
대구광역시,동구,,동북로77길
대구광역시,동구,,동북로73길
대구광역시,동구,,동북로71길
대구광역시,동구,,아양로35길
대구광역시,동구,,아양로21길
대구광역시,동구,,신암로12길
대구광역시,동구,,동부로15길
대구광역시,동구,,효신로
대구광역시,동구,,용진길
대구광역시,동구,,파계로120길
대구광역시,동구,,송라로6길
대구광역시,동구,,동부로30길
대구광역시,동구,,동부로
대구광역시,동구,,동대구로85길
대구광역시,동구,,동부로26길
대구광역시,동구,,동부로34길
대구광역시,동구,,화랑로3길
대구광역시,동구,,동부로21길
대구광역시,동구,,국채보상로165길
대구광역시,동구,,송라로3길
대구광역시,동구,,동대구로83길
대구광역시,동구,,국채보상로159길
대구광역시,동구,,장등로
대구광역시,동구,,동부로12길
대구광역시,동구,,국채보상로
대구광역시,동구,,동부로22길
대구광역시,동구,,국채보상로171길
대구광역시,동구,,동부로24길
대구광역시,동구,,동부로28길
대구광역시,동구,,화랑로11길
대구광역시,동구,,송라로16길
대구광역시,동구,,송라로13길
대구광역시,동구,,동부로5길
대구광역시,동구,,송라로2길
대구광역시,동구,,송라로11길
대구광역시,동구,,효신로5길
대구광역시,동구,,동부로19길
대구광역시,동구,,송라로10길
대구광역시,동구,,동부로32길
대구광역시,동구,,송라로12길
대구광역시,동구,,동부로16길
대구광역시,동구,,국채보상로155길
대구광역시,동구,,송라로14길
대구광역시,동구,,송라로7길
대구광역시,동구,,동부로6길
대구광역시,동구,,동부로3길
대구광역시,동구,,국채보상로163길
대구광역시,동구,,국채보상로161길
대구광역시,동구,,국채보상로157길
대구광역시,동구,,화랑로9길
대구광역시,동구,,신덕로5길
대구광역시,동구,,신평로28길
대구광역시,동구,,신덕로
대구광역시,동구,,신평로32길
대구광역시,동구,,신평로24길
대구광역시,동구,,신평로16길
대구광역시,동구,,신덕로6길
대구광역시,동구,,용계로5길
대구광역시,동구,,용계로1길
대구광역시,동구,,반야월로2길
대구광역시,동구,,용계로2길
대구광역시,동구,,신덕로2길
대구광역시,동구,,화랑로108길
대구광역시,동구,,용계로6길
대구광역시,동구,,반야월로1길
대구광역시,동구,,용계로
대구광역시,동구,,화랑로93길
대구광역시,동구,,화랑로99길
대구광역시,동구,,반야월로6길
대구광역시,동구,,용계로3길
대구광역시,동구,,화랑로100길
대구광역시,동구,,신평로22길
대구광역시,동구,,안심로7길
대구광역시,동구,,금호강변로9길
대구광역시,동구,,동화사2길
대구광역시,동구,,용천로30길
대구광역시,동구,,팔공산로185길
대구광역시,동구,,팔공산로168길
대구광역시,동구,,팔공산로199길
대구광역시,동구,,용천로49길
대구광역시,동구,,용천로50길
대구광역시,동구,,팔공산로198길
대구광역시,동구,,범안로
대구광역시,동구,,반야월북로2길
대구광역시,동구,,반야월북로12길
대구광역시,동구,,안심뉴타운로
대구광역시,동구,,안심뉴타운1로
대구광역시,동구,,안심뉴타운7로
대구광역시,동구,,율하동로17길
대구광역시,동구,,반야월로14길
대구광역시,동구,,율하동로21길
대구광역시,동구,,반야월로18길
대구광역시,동구,,율하동로19길
대구광역시,동구,,율하서로1길
대구광역시,동구,,반야월로16길
대구광역시,동구,,율하동로15길
대구광역시,동구,,반야월로20길
대구광역시,동구,,반야월로22길
대구광역시,동구,,율하동로8길
대구광역시,동구,,율하서로
대구광역시,동구,,율하서로3길
대구광역시,동구,,안심로16길
대구광역시,동구,,안심로22길
대구광역시,동구,,율하동로10길
대구광역시,동구,,율하동로12길
대구광역시,동구,,율하서로2길
대구광역시,동구,,금호강변로3길
대구광역시,동구,,동촌로2길
대구광역시,동구,,입석로1길
대구광역시,동구,,동촌로1길
대구광역시,동구,,공항로49길
대구광역시,동구,,동촌로3길
대구광역시,동구,,동촌로5길
대구광역시,동구,,아양로57길
대구광역시,동구,,입석로2길
대구광역시,동구,,아양로59길
대구광역시,동구,,파계로112길
대구광역시,동구,,파계로131길
대구광역시,동구,,파계로138길
대구광역시,동구,,파계로121길
대구광역시,동구,,파계로116길
대구광역시,동구,,파계로22길
대구광역시,동구,,파계로19길
대구광역시,동구,,파계로16길
대구광역시,동구,,동화천로77길
대구광역시,동구,,신숭겸길
대구광역시,동구,,팔공로91길
대구광역시,동구,,파계로6길
대구광역시,동구,,동화천로
대구광역시,동구,,동화천로70길
대구광역시,동구,,연경지묘로
대구광역시,동구,,팔공로101길
대구광역시,동구,,연경지묘로35길
대구광역시,동구,,동화천로72길
대구광역시,동구,,연경지묘로37길
대구광역시,동구,,동화천로74길
대구광역시,동구,,공항로47길
대구광역시,동구,,해동로7길
대구광역시,동구,,공항로56길
대구광역시,동구,,공항로50길
대구광역시,동구,,공항로52길
대구광역시,동구,,해동로3길
대구광역시,동구,,공항로45길
대구광역시,동구,,공항로53길
대구광역시,동구,,공항로54길
대구광역시,동구,,해동로5길
대구광역시,동구,,공항로55길
대구광역시,동구,,공항로51길
대구광역시,동구,,인산로
대구광역시,동구,,갓바위로12길
대구광역시,동구,,팔공로230길
대구광역시,동구,,팔공로260길
대구광역시,동구,,대구포항고속도로
대구광역시,동구,,당남길
대구광역시,동구,,도평로107길
대구광역시,동구,,도평로116길
대구광역시,동구,,효목로
대구광역시,동구,,화랑로37길
대구광역시,동구,,아양로46길
대구광역시,동구,,효목로9길
대구광역시,동구,,아양로52길
대구광역시,동구,,효동로3길
대구광역시,동구,,효동로1길
대구광역시,동구,,화랑로41길
대구광역시,동구,,효목로7길
대구광역시,동구,,화랑로39길
대구광역시,동구,,아양로42길
대구광역시,동구,,효목로1길
대구광역시,동구,,효신로8길
대구광역시,동구,,효동로16길
대구광역시,동구,,화랑로25길
대구광역시,동구,,효서로2길
대구광역시,동구,,아양로40길
대구광역시,동구,,효동로
대구광역시,동구,,효동로2길
대구광역시,동구,,화랑로27길
대구광역시,동구,,화랑로19길
대구광역시,동구,,아양로48길
대구광역시,동구,,아양로38길
대구광역시,동구,,효동로6길
대구광역시,동구,,효신로6길
대구광역시,동구,,효동로15길
대구광역시,동구,,효목로3길
대구광역시,동구,,효목로19길
대구광역시,동구,,아양로50길
대구광역시,동구,,효서로
대구광역시,동구,,화랑로29길
대구광역시,동구,,화랑로17길
대구광역시,동구,,효신로10길
대구광역시,동구,,효목로5길
대구광역시,동구,,효목로13길
대구광역시,동구,,화랑로35길
대구광역시,동구,,효목로21길
대구광역시,동구,,화랑로15길
대구광역시,동구,,효목로17길
대구광역시,북구,,검단로27길
대구광역시,북구,,검단동로
대구광역시,북구,,검단로31길
대구광역시,북구,,검단로
대구광역시,북구,,검단로41길
대구광역시,북구,,모산골길
대구광역시,북구,,검단로49길
대구광역시,북구,,검단공단로21길
대구광역시,북구,,검단북로
대구광역시,북구,,검단동로4길
대구광역시,북구,,검단북로27길
대구광역시,북구,,검단북로35길
대구광역시,북구,,검단북로11길
대구광역시,북구,,검단공단로
대구광역시,북구,,검단북로40길
대구광역시,북구,,검단북로41길
대구광역시,북구,,검단로46길
대구광역시,북구,,경부고속도로
대구광역시,북구,,검단북로29길
대구광역시,북구,,복현로
대구광역시,북구,,검단동로8길
대구광역시,북구,,검단공단로17길
대구광역시,북구,,유통단지로7길
대구광역시,북구,,칠성남로
대구광역시,북구,,고성로34길
대구광역시,북구,,고성북로
대구광역시,북구,,고성로
대구광역시,북구,,고성로28길
대구광역시,북구,,고성로32길
대구광역시,북구,,원대로
대구광역시,북구,,칠성남로2길
대구광역시,북구,,침산로
대구광역시,북구,,옥산로
대구광역시,북구,,고성로37길
대구광역시,북구,,고성북로10길
대구광역시,북구,,고성북로6길
대구광역시,북구,,고성로31길
대구광역시,북구,,고성로35길
대구광역시,북구,,고성로33길
대구광역시,북구,,칠곡중앙대로91길
대구광역시,북구,,칠곡중앙대로95길
대구광역시,북구,,관음중앙로
대구광역시,북구,,칠곡중앙대로99길
대구광역시,북구,,관음동로
대구광역시,북구,,관음동로17길
대구광역시,북구,,관음로
대구광역시,북구,,칠곡중앙대로105길
대구광역시,북구,,구암로
대구광역시,북구,,관음중앙로17길
대구광역시,북구,,관음중앙로21길
대구광역시,북구,,관음동로9길
대구광역시,북구,,관음동로13길
대구광역시,북구,,관음동로31길
대구광역시,북구,,관음중앙로22길
대구광역시,북구,,관음중앙로13길
대구광역시,북구,,관음동로15길
대구광역시,북구,,관음중앙로9길
대구광역시,북구,,관음중앙로11길
대구광역시,북구,,관음중앙로28길
대구광역시,북구,,관음중앙로7길
대구광역시,북구,,관음중앙로25길
대구광역시,북구,,칠곡중앙대로
대구광역시,북구,,양지마을길
대구광역시,북구,,학정로42길
대구광역시,북구,,학정로48길
대구광역시,북구,,구암로60길
대구광역시,북구,,동암로38길
대구광역시,북구,,학정로
대구광역시,북구,,구암로50길
대구광역시,북구,,태암남로
대구광역시,북구,,태암로18길
대구광역시,북구,,구암로42길
대구광역시,북구,,팔거천동로4길
대구광역시,북구,,태암남로9길
대구광역시,북구,,구암로54길
대구광역시,북구,,구암로39길
대구광역시,북구,,태암남로11길
대구광역시,북구,,팔거천동로
대구광역시,북구,,팔거천동로2길
대구광역시,북구,,구암로65길
대구광역시,북구,,구암로32길
대구광역시,북구,,태암로
대구광역시,북구,,동암로
대구광역시,북구,,구암로41길
대구광역시,북구,,구암로49길
대구광역시,북구,,구암로43길
대구광역시,북구,,구암서로
대구광역시,북구,,대천로
대구광역시,북구,,솟골길
대구광역시,북구,,도남길
대구광역시,북구,,학남로15길
대구광역시,북구,,학남로
대구광역시,북구,,구리로34길
대구광역시,북구,,구리로
대구광역시,북구,,도남중앙로7길
대구광역시,북구,,도남중앙로8길
대구광역시,북구,,학정동로
대구광역시,북구,,도남중앙로
대구광역시,북구,,학남로17길
대구광역시,북구,,구리로38길
대구광역시,북구,,골밭실길
대구광역시,북구,,호국로
대구광역시,북구,,구리로36길
대구광역시,북구,,동암로37길
대구광역시,북구,,도남중앙로10길
대구광역시,북구,,사수로70길
대구광역시,북구,,한강로8길
대구광역시,북구,,사수로
대구광역시,북구,,사수로72길
대구광역시,북구,,문주길
대구광역시,북구,,한강로7길
대구광역시,북구,,한강로
대구광역시,북구,,서재로
대구광역시,북구,,부엉길
대구광역시,북구,,노곡로
대구광역시,북구,,노곡로8길
대구광역시,북구,,노곡로5길
대구광역시,북구,,노곡로3길
대구광역시,북구,,작원1길
대구광역시,북구,,노곡로1길
대구광역시,북구,,노곡로4길
대구광역시,북구,,조야로5길
대구광역시,북구,,침산남로7길
대구광역시,북구,,오봉로2길
대구광역시,북구,,침산남로
대구광역시,북구,,옥산로9길
대구광역시,북구,,원대로19길
대구광역시,북구,,옥산로3길
대구광역시,북구,,오봉로6길
대구광역시,북구,,옥산로5길
대구광역시,북구,,침산남로9길
대구광역시,북구,,오봉로
대구광역시,북구,,침산남로13길
대구광역시,북구,,원대로25길
대구광역시,북구,,오봉로10길
대구광역시,북구,,옥산로7길
대구광역시,북구,,원대로21길
대구광역시,북구,,원대로23길
대구광역시,북구,,팔달로41길
대구광역시,북구,,노원동로6길
대구광역시,북구,,노원동로12길
대구광역시,북구,,팔달로37길
대구광역시,북구,,오봉로7길
대구광역시,북구,,노원동로
대구광역시,북구,,노원로10길
대구광역시,북구,,오봉로3길
대구광역시,북구,,팔달로
대구광역시,북구,,팔달로35길
대구광역시,북구,,노원동로8길
대구광역시,북구,,팔달로45길
대구광역시,북구,,노원로16길
대구광역시,북구,,오봉로1길
대구광역시,북구,,노원로25길
대구광역시,북구,,노원로
대구광역시,북구,,팔달로27길
대구광역시,북구,,3공단로14길
대구광역시,북구,,팔달북로18길
대구광역시,북구,,3공단로
대구광역시,북구,,팔달북로8길
대구광역시,북구,,팔달북로
대구광역시,북구,,노원로9길
대구광역시,북구,,팔달로1길
대구광역시,북구,,노원로23길
대구광역시,북구,,3공단로47길
대구광역시,북구,,팔달로7길
대구광역시,북구,,팔달북로3길
대구광역시,북구,,팔달로17길
대구광역시,북구,,팔달북로15길
대구광역시,북구,,노원로21길
대구광역시,북구,,팔달북로2길
대구광역시,북구,,노원로1길
대구광역시,북구,,노원동로3길
대구광역시,북구,,3공단로33길
대구광역시,북구,,3공단로25길
대구광역시,북구,,3공단로27길
대구광역시,북구,,팔달로13길
대구광역시,북구,,팔달로33길
대구광역시,북구,,3공단로41길
대구광역시,북구,,노원로17길
대구광역시,북구,,노원로26길
대구광역시,북구,,팔달북로11길
대구광역시,북구,,노원동로7길
대구광역시,북구,,3공단로10길
대구광역시,북구,,노원동로11길
대구광역시,북구,,오봉로21길
대구광역시,북구,,3공단로43길
대구광역시,북구,,팔달북로7길
대구광역시,북구,,3공단로44길
대구광역시,북구,,3공단로48길
대구광역시,북구,,대현로19길
대구광역시,북구,,경대로5길
대구광역시,북구,,경대로7길
대구광역시,북구,,대현로
대구광역시,북구,,신암로
대구광역시,북구,,대현로3길
대구광역시,북구,,대현로9길
대구광역시,북구,,대현남로9길
대구광역시,북구,,대현남로서4길
대구광역시,북구,,대현로21길
대구광역시,북구,,대현남로6길
대구광역시,북구,,대현로서15길
대구광역시,북구,,대현남로10길
대구광역시,북구,,대현남로2길
대구광역시,북구,,대현남로
대구광역시,북구,,신천동로
대구광역시,북구,,경대로
대구광역시,북구,,신천동로148길
대구광역시,북구,,대현로15길
대구광역시,북구,,대현로17길
대구광역시,북구,,대현로13길
대구광역시,북구,,신천동로146길
대구광역시,북구,,대현로16길
대구광역시,북구,,대현로14길
대구광역시,북구,,대현남로8길
대구광역시,북구,,대현로10길
대구광역시,북구,,대현남로5길
대구광역시,북구,,대현로20길
대구광역시,북구,,대현남로4길
대구광역시,북구,,동변로16길
대구광역시,북구,,동변로24길
대구광역시,북구,,동변로
대구광역시,북구,,동변로20길
대구광역시,북구,,동변로14길
대구광역시,북구,,동변로15길
대구광역시,북구,,동변로18길
대구광역시,북구,,화담길
대구광역시,북구,,동변로23길
대구광역시,북구,,동변로13길
대구광역시,북구,,팔거천동로26길
대구광역시,북구,,대천로18길
대구광역시,북구,,동천로
대구광역시,북구,,팔거천동로34길
대구광역시,북구,,동천로23길
대구광역시,북구,,대천로17길
대구광역시,북구,,동암로12길
대구광역시,북구,,동천로24길
대구광역시,북구,,팔거천동로24길
대구광역시,북구,,칠곡중앙대로136길
대구광역시,북구,,동호길
대구광역시,북구,,동호안길
대구광역시,북구,,호국로176길
대구광역시,북구,,구리로1길
대구광역시,북구,,구리로7길
대구광역시,북구,,호국로184길
대구광역시,북구,,매천로동17길
대구광역시,북구,,매천로17길
대구광역시,북구,,매천로18길
대구광역시,북구,,매천로37길
대구광역시,북구,,매천로
대구광역시,북구,,매전로4길
대구광역시,북구,,매천로21길
대구광역시,북구,,매천로25길
대구광역시,북구,,매천로15길
대구광역시,북구,,매천로8길
대구광역시,북구,,매전로
대구광역시,북구,,경대로23길
대구광역시,북구,,경진로남1길
대구광역시,북구,,경대로서19길
대구광역시,북구,,복현로34길
대구광역시,북구,,대학로
대구광역시,북구,,공항로
대구광역시,북구,,경진로
대구광역시,북구,,복현로2길
대구광역시,북구,,복현로20길
대구광역시,북구,,동북로55길
대구광역시,북구,,경대로19길
대구광역시,북구,,경진로4길
대구광역시,북구,,경진로1길
대구광역시,북구,,동북로
대구광역시,북구,,공항로15길
대구광역시,북구,,복현로8길
대구광역시,북구,,경대로17길
대구광역시,북구,,경진로8길
대구광역시,북구,,동북로57길
대구광역시,북구,,경진로12길
대구광역시,북구,,공항로5길
대구광역시,북구,,경대로27길
대구광역시,북구,,복현로북2길
대구광역시,북구,,동북로65길
대구광역시,북구,,동북로61길
대구광역시,북구,,동북로53길
대구광역시,북구,,복현로36길
대구광역시,북구,,동북로52길
대구광역시,북구,,동북로58길
대구광역시,북구,,동북로50길
대구광역시,북구,,동북로71길
대구광역시,북구,,한강로6길
대구광역시,북구,,내곡로
대구광역시,북구,,한강로4길
대구광역시,북구,,한강로2길
대구광역시,북구,,연암공원로13길
대구광역시,북구,,대불로
대구광역시,북구,,대구체육관로11길
대구광역시,북구,,대동로4길
대구광역시,북구,,동북로서37길
대구광역시,북구,,연암로42길
대구광역시,북구,,대학로9길
대구광역시,북구,,유통단지로
대구광역시,북구,,동북로28길
대구광역시,북구,,동북로31길
대구광역시,북구,,산격로14길
대구광역시,북구,,산격로
대구광역시,북구,,대동로9길
대구광역시,북구,,동북로26길
대구광역시,북구,,연암공원로32길
대구광역시,북구,,연암공원로
대구광역시,북구,,산격로11길
대구광역시,북구,,연암로4길
대구광역시,북구,,대학로13길
대구광역시,북구,,연암공원로20길
대구광역시,북구,,대동로3길
대구광역시,북구,,대학로17길
대구광역시,북구,,연암공원로14길
대구광역시,북구,,산격로10길
대구광역시,북구,,대학로25길
대구광역시,북구,,유통단지로3길
대구광역시,북구,,산격로6길
대구광역시,북구,,대불서길
대구광역시,북구,,연암로12길
대구광역시,북구,,유통단지로13길
대구광역시,북구,,산격로19길
대구광역시,북구,,유통단지로8길
대구광역시,북구,,연암로36길
대구광역시,북구,,대동로1길
대구광역시,북구,,연암로25길
대구광역시,북구,,연암로28길
대구광역시,북구,,동북로37길
대구광역시,북구,,대학로15길
대구광역시,북구,,연암공원로17길
대구광역시,북구,,연암로
대구광역시,북구,,대동로8길
대구광역시,북구,,연암공원로5길
대구광역시,북구,,대구체육관로12길
대구광역시,북구,,대동로
대구광역시,북구,,산격로1길
대구광역시,북구,,대학로23길
대구광역시,북구,,대구체육관로
대구광역시,북구,,연암로26길
대구광역시,북구,,대동로6길
대구광역시,북구,,동북로36길
대구광역시,북구,,대동로10길
대구광역시,북구,,대동로5길
대구광역시,북구,,연암공원로1길
대구광역시,북구,,검단북로2길
대구광역시,북구,,대구체육관로10길
대구광역시,북구,,연암공원로30길
대구광역시,북구,,산격로13길
대구광역시,북구,,산격로북9길
대구광역시,북구,,대불로5길
대구광역시,북구,,대구체육관로8길
대구광역시,북구,,연암공원로7길
대구광역시,북구,,산격로서9길
대구광역시,북구,,대구체육관로2길
대구광역시,북구,,연암로31길
대구광역시,북구,,산격로8길
대구광역시,북구,,연암로2길
대구광역시,북구,,연암로35길
대구광역시,북구,,대구체육관로9길
대구광역시,북구,,연암로22길
대구광역시,북구,,유통단지로24길
대구광역시,북구,,연암로32길
대구광역시,북구,,연암로33길
대구광역시,북구,,연암공원로6길
대구광역시,북구,,연암공원로12길
대구광역시,북구,,연암공원로11길
대구광역시,북구,,연암공원로8길
대구광역시,북구,,대구체육관로4길
대구광역시,북구,,산격로9길
대구광역시,북구,,연암공원로10길
대구광역시,북구,,산격로17길
대구광역시,북구,,연암공원로28길
대구광역시,북구,,호국로3길
대구광역시,북구,,유통단지로21길
대구광역시,북구,,연암로34길
대구광역시,북구,,연암공원로15길
대구광역시,북구,,엑스코로
대구광역시,북구,,유통단지로14길
대구광역시,북구,,호국로43길
대구광역시,북구,,서변로3길
대구광역시,북구,,도곡길
대구광역시,북구,,호국로51길
대구광역시,북구,,이곡길
대구광역시,북구,,환성정길
대구광역시,북구,,망월길
대구광역시,북구,,고촌길
대구광역시,북구,,동화천로
대구광역시,북구,,동화천로27길
대구광역시,북구,,호국로57길
대구광역시,북구,,조야로2길
대구광역시,북구,,호국로39길
대구광역시,북구,,서변남로
대구광역시,북구,,서변로9길
대구광역시,북구,,서변로
대구광역시,북구,,서변로21길
대구광역시,북구,,서변로23길
대구광역시,북구,,연경중앙로8길
대구광역시,북구,,연경중앙로2길
대구광역시,북구,,동화천로55길
대구광역시,북구,,연경중앙로6길
대구광역시,북구,,연경중앙로11길
대구광역시,북구,,동화천로57길
대구광역시,북구,,태봉길
대구광역시,북구,,연경중앙로
대구광역시,북구,,동화천로59길
대구광역시,북구,,연경지묘로
대구광역시,북구,,대구외곽순환고속도로
대구광역시,북구,,도덕길
대구광역시,북구,,연경중앙로4길
대구광역시,북구,,연경중앙로1길
대구광역시,북구,,동화천로56길
대구광역시,북구,,연경중앙로3길
대구광역시,북구,,연경길
대구광역시,북구,,칠곡중앙대로126길
대구광역시,북구,,팔거천서로
대구광역시,북구,,칠곡중앙대로125길
대구광역시,북구,,칠곡중앙대로116길
대구광역시,북구,,관음동로32길
대구광역시,북구,,중앙고속도로
대구광역시,북구,,칠곡중앙대로110길
대구광역시,북구,,대천로9길
대구광역시,북구,,대천로7길
대구광역시,북구,,팔거천서로35길
대구광역시,북구,,동암로7길
대구광역시,북구,,칠곡중앙대로108길
대구광역시,북구,,칠곡중앙대로129길
대구광역시,북구,,구암로15길
대구광역시,북구,,칠곡중앙대로86길
대구광역시,북구,,칠곡중앙대로114길
대구광역시,북구,,관음중앙로33길
대구광역시,북구,,관음중앙로34길
대구광역시,북구,,칠곡중앙대로115길
대구광역시,북구,,칠곡중앙대로128길
대구광역시,북구,,칠곡중앙대로118길
대구광역시,북구,,구암로17길
대구광역시,북구,,구암로21길
대구광역시,북구,,관음중앙로29길
대구광역시,북구,,관음중앙로32길
대구광역시,북구,,조야로
대구광역시,북구,,조야로12길
대구광역시,북구,,조야로14길
대구광역시,북구,,조야로7길
대구광역시,북구,,조야로8길
대구광역시,북구,,조야로10길
대구광역시,북구,,칠성시장로3길
대구광역시,북구,,칠성시장로5길
대구광역시,북구,,칠성시장로
대구광역시,북구,,칠성시장로7길
대구광역시,북구,,칠성시장로1길
대구광역시,북구,,칠성남로41길
대구광역시,북구,,칠성남로43길
대구광역시,북구,,칠성로
대구광역시,북구,,칠성가구시장로2길
대구광역시,북구,,칠성가구시장로
대구광역시,북구,,공평로
대구광역시,북구,,칠성시장로9길
대구광역시,북구,,칠성남로37길
대구광역시,북구,,칠성남로31길
대구광역시,북구,,칠성로15길
대구광역시,북구,,칠성남로15길
대구광역시,북구,,칠성남로35길
대구광역시,북구,,칠성로17길
대구광역시,북구,,칠성로19길
대구광역시,북구,,칠성로동19길
대구광역시,북구,,칠성남로16길
대구광역시,북구,,중앙대로
대구광역시,북구,,칠성남로30길
대구광역시,북구,,칠성남로26길
대구광역시,북구,,칠성남로38길
대구광역시,북구,,칠성남로27길
대구광역시,북구,,칠성남로29길
대구광역시,북구,,호암로
대구광역시,북구,,칠성시장로11길
대구광역시,북구,,칠성시장로13길
대구광역시,북구,,칠성시장로23길
대구광역시,북구,,칠성남로20길
대구광역시,북구,,중앙대로105길
대구광역시,북구,,칠성남로36길
대구광역시,북구,,칠성남로25길
대구광역시,북구,,칠성로5길
대구광역시,북구,,칠성로1길
대구광역시,북구,,중앙대로106길
대구광역시,북구,,옥산로17길
대구광역시,북구,,칠성남로22길
대구광역시,북구,,침산로21길
대구광역시,북구,,태평로
대구광역시,북구,,오봉로24길
대구광역시,북구,,성북로5길
대구광역시,북구,,침산남로37길
대구광역시,북구,,성북로
대구광역시,북구,,침산남로서9길
대구광역시,북구,,노원로37길
대구광역시,북구,,침산로48길
대구광역시,북구,,침산로40길
대구광역시,북구,,침산로67길
대구광역시,북구,,노원로42길
대구광역시,북구,,노원로40길
대구광역시,북구,,노원로48길
대구광역시,북구,,노원로동39길
대구광역시,북구,,성북로1길
대구광역시,북구,,노원로57길
대구광역시,북구,,오봉로22길
대구광역시,북구,,침산로32길
대구광역시,북구,,성북로9길
대구광역시,북구,,칠성시장로25길
대구광역시,북구,,침산남로31길
대구광역시,북구,,성북로15길
대구광역시,북구,,노원로39길
대구광역시,북구,,오봉로16길
대구광역시,북구,,노원로47길
대구광역시,북구,,침산로54길
대구광역시,북구,,침산남로44길
대구광역시,북구,,침산로38길
대구광역시,북구,,침산로52길
대구광역시,북구,,오봉로18길
대구광역시,북구,,침산남로19길
대구광역시,북구,,침산남로39길
대구광역시,북구,,침산남로32길
대구광역시,북구,,침산로46길
대구광역시,북구,,침산로42길
대구광역시,북구,,오봉로36길
대구광역시,북구,,침산남로42길
대구광역시,북구,,침산남로46길
대구광역시,북구,,중앙대로118길
대구광역시,북구,,중앙대로114길
대구광역시,북구,,성북로13길
대구광역시,북구,,중앙대로123길
대구광역시,북구,,침산로22길
대구광역시,북구,,학정로7길
대구광역시,북구,,학정로9길
대구광역시,북구,,태전로3길
대구광역시,북구,,칠곡중앙대로63길
대구광역시,북구,,태암로6길
대구광역시,북구,,태전로1길
대구광역시,북구,,학정로13길
대구광역시,북구,,칠곡중앙대로52길
대구광역시,북구,,칠곡중앙대로75길
대구광역시,북구,,태전로
대구광역시,북구,,태전로15길
대구광역시,북구,,영송로
대구광역시,북구,,구암로22길
대구광역시,북구,,태전로13길
대구광역시,북구,,태전로7길
대구광역시,북구,,칠곡중앙대로51길
대구광역시,북구,,태전로19길
대구광역시,북구,,구암로16길
대구광역시,북구,,칠곡중앙대로53길
대구광역시,북구,,칠곡중앙대로43길
대구광역시,북구,,칠곡중앙대로54길
대구광역시,북구,,칠곡중앙대로73길
대구광역시,북구,,태전로6길
대구광역시,북구,,칠곡중앙대로북53길
대구광역시,북구,,칠곡중앙대로42길
대구광역시,북구,,칠곡중앙대로46길
대구광역시,북구,,학정로1길
대구광역시,북구,,칠곡중앙대로55길
대구광역시,북구,,칠곡중앙대로69길
대구광역시,북구,,칠곡중앙대로80길
대구광역시,북구,,태암로2길
대구광역시,북구,,태암로4길
대구광역시,북구,,칠곡중앙대로45길
대구광역시,북구,,칠곡중앙대로71길
대구광역시,북구,,칠곡중앙대로77길
대구광역시,북구,,칠곡중앙대로65길
대구광역시,북구,,태암로1길
대구광역시,북구,,태암남로1길
대구광역시,북구,,태암로3길
대구광역시,북구,,태전로9길
대구광역시,북구,,태암로5길
대구광역시,북구,,낙산로
대구광역시,북구,,칠곡중앙대로67길
대구광역시,북구,,작원길
대구광역시,북구,,장태실1길
대구광역시,북구,,작원2길
대구광역시,북구,,매천로2길
대구광역시,북구,,장태실2길
대구광역시,북구,,장태실길
대구광역시,북구,,학남로3길
대구광역시,북구,,학정로106길
대구광역시,북구,,노본길
대구광역시,북구,,주좌길
대구광역시,북구,,학정로109길
대구광역시,북구,,학남로1길
대구광역시,북구,,학정동로13길
대구광역시,북구,,학정로110길
대구광역시,서구,,평리로42길
대구광역시,서구,,통학로
대구광역시,서구,,달구벌대로377길
대구광역시,서구,,달구벌대로
대구광역시,서구,,서대구로3길
대구광역시,서구,,서대구로11길
대구광역시,서구,,큰장로15길
대구광역시,서구,,큰장로
대구광역시,서구,,평리로
대구광역시,서구,,큰장로9길
대구광역시,서구,,달구벌대로337길
대구광역시,서구,,서대구로8길
대구광역시,서구,,달서로5길
대구광역시,서구,,큰장로25길
대구광역시,서구,,서대구로6길
대구광역시,서구,,달구벌대로357길
대구광역시,서구,,당산로
대구광역시,서구,,서대구로
대구광역시,서구,,달구벌대로371길
대구광역시,서구,,서대구로2길
대구광역시,서구,,평리로50길
대구광역시,서구,,달서로9길
대구광역시,서구,,큰장로13길
대구광역시,서구,,달구벌대로361길
대구광역시,서구,,국채보상로
대구광역시,서구,,달서로
대구광역시,서구,,평리로54길
대구광역시,서구,,달서로5안길
대구광역시,서구,,큰장로11길
대구광역시,서구,,달서로6길
대구광역시,서구,,큰장로19길
대구광역시,서구,,통학로2길
대구광역시,서구,,달구벌대로377안길
대구광역시,서구,,달구벌대로373길
대구광역시,서구,,서대구로7길
대구광역시,서구,,달서로12길
대구광역시,서구,,서대구로10길
대구광역시,서구,,국채보상로88길
대구광역시,서구,,서대구로5길
대구광역시,서구,,큰장로23길
대구광역시,서구,,통학로7길
대구광역시,서구,,평리로72길
대구광역시,서구,,당산로41동길
대구광역시,서구,,평리로78길
대구광역시,서구,,달구벌대로329길
대구광역시,서구,,달구벌대로383길
대구광역시,서구,,당산로51길
대구광역시,서구,,당산로53길
대구광역시,서구,,평리로52길
대구광역시,서구,,서대구로4길
대구광역시,서구,,달구벌대로363길
대구광역시,서구,,달구벌대로365길
대구광역시,서구,,달구벌대로375길
대구광역시,서구,,달서로4길
대구광역시,서구,,큰장로7길
대구광역시,서구,,당산로45길
대구광역시,서구,,당산로47길
대구광역시,서구,,평리로62길
대구광역시,서구,,달서로7길
대구광역시,서구,,국채보상로72길
대구광역시,서구,,팔달로
대구광역시,서구,,국채보상로67안길
대구광역시,서구,,염색공단로
대구광역시,서구,,고성로
대구광역시,서구,,국채보상로78길
대구광역시,서구,,달서로14길
대구광역시,서구,,서대구로63안길
대구광역시,서구,,달서로32길
대구광역시,서구,,달서로17길
대구광역시,서구,,염색공단로11길
대구광역시,서구,,달서로25길
대구광역시,서구,,문화로69길
대구광역시,서구,,북비산로
대구광역시,서구,,달서천로65길
대구광역시,서구,,평리로85길
대구광역시,서구,,통학로45길
대구광역시,서구,,팔달로2길
대구광역시,서구,,염색공단천로12길
대구광역시,서구,,통학로40길
대구광역시,서구,,염색공단천로14길
대구광역시,서구,,국채보상로76길
대구광역시,서구,,서대구로54길
대구광역시,서구,,달서로30길
대구광역시,서구,,달서천로
대구광역시,서구,,달서로43길
대구광역시,서구,,달서로40길
대구광역시,서구,,서대구로63길
대구광역시,서구,,달서로18길
대구광역시,서구,,염색공단천로6길
대구광역시,서구,,달서천로57길
대구광역시,서구,,염색공단천로
대구광역시,서구,,달서천로61길
대구광역시,서구,,북비산로77길
대구광역시,서구,,통학로48길
대구광역시,서구,,북비산로81길
대구광역시,서구,,서대구로61길
대구광역시,서구,,염색공단천로3길
대구광역시,서구,,염색공단로7길
대구광역시,서구,,국채보상로83길
대구광역시,서구,,달서천로57안길
대구광역시,서구,,북비산로65길
대구광역시,서구,,염색공단천로1길
대구광역시,서구,,북비산로67길
대구광역시,서구,,문화로67길
대구광역시,서구,,달서천로53길
대구광역시,서구,,달서천로41안길
대구광역시,서구,,염색공단천로16길
대구광역시,서구,,국채보상로81길
대구광역시,서구,,달서로41길
대구광역시,서구,,달서천로61안길
대구광역시,서구,,달서로15길
대구광역시,서구,,달서천로55길
대구광역시,서구,,북비산로76길
대구광역시,서구,,문화로
대구광역시,서구,,염색공단로9길
대구광역시,서구,,통학로49길
대구광역시,서구,,달서로39길
대구광역시,서구,,달서천로59길
대구광역시,서구,,달서로28길
대구광역시,서구,,염색공단천로10길
대구광역시,서구,,북비산로53길
대구광역시,서구,,달서로26길
대구광역시,서구,,서대구로64길
대구광역시,서구,,염색공단천로8길
대구광역시,서구,,통학로51길
대구광역시,서구,,달서로34길
대구광역시,서구,,국채보상로79길
대구광역시,서구,,달서천로49길
대구광역시,서구,,달서천로41길
대구광역시,서구,,팔달로18길
대구광역시,서구,,달성공원로
대구광역시,서구,,북비산로61길
대구광역시,서구,,통학로16길
대구광역시,서구,,달서천로49안길
대구광역시,서구,,통학로50길
대구광역시,서구,,달서로45길
대구광역시,서구,,북비산로72길
대구광역시,서구,,달서로27길
대구광역시,서구,,북비산로63길
대구광역시,서구,,염색공단중앙로
대구광역시,서구,,달서천로69길
대구광역시,서구,,서대구로66길
대구광역시,서구,,국채보상로69길
대구광역시,서구,,서대구로62길
대구광역시,서구,,북비산로75길
대구광역시,서구,,서대구로68길
대구광역시,서구,,통학로46길
대구광역시,서구,,국채보상로71길
대구광역시,서구,,달서로42길
대구광역시,서구,,팔달로32길
대구광역시,서구,,북비산로59안길
대구광역시,서구,,북비산로74길
대구광역시,서구,,국채보상로75길
대구광역시,서구,,문화로66길
대구광역시,서구,,북비산로59길
대구광역시,서구,,북비산로71길
대구광역시,서구,,통학로52길
대구광역시,서구,,염색공단중앙로22길
대구광역시,서구,,서대구로64안길
대구광역시,서구,,통학로24길
대구광역시,서구,,통학로18길
대구광역시,서구,,국채보상로67길
대구광역시,서구,,달성공원로5길
대구광역시,서구,,달서로20길
대구광역시,서구,,북비산로80길
대구광역시,서구,,달서로33길
대구광역시,서구,,염색공단중앙로14길
대구광역시,서구,,국채보상로70길
대구광역시,서구,,북비산로57길
대구광역시,서구,,국채보상로81안길
대구광역시,서구,,평리로83길
대구광역시,서구,,달서로16안길
대구광역시,서구,,문화로63길
대구광역시,서구,,염색공단중앙로21길
대구광역시,서구,,달서로36길
대구광역시,서구,,염색공단로5길
대구광역시,서구,,달서로16길
대구광역시,서구,,염색공단천로11길
대구광역시,서구,,염색공단천로19길
대구광역시,서구,,염색공단천로7길
대구광역시,서구,,염색공단천로23길
대구광역시,서구,,북비산로51길
대구광역시,서구,,염색공단천로4길
대구광역시,서구,,염색공단중앙로23길
대구광역시,서구,,염색공단로13길
대구광역시,서구,,염색공단중앙로12길
대구광역시,서구,,북비산로49길
대구광역시,서구,,국채보상로68길
대구광역시,서구,,북비산로47길
대구광역시,서구,,염색공단로21길
대구광역시,서구,,새방로25길
대구광역시,서구,,새방로
대구광역시,서구,,새방로27길
대구광역시,서구,,가르뱅이로
대구광역시,서구,,가르뱅이로9길
대구광역시,서구,,가르뱅이로21길
대구광역시,서구,,새방로29길
대구광역시,서구,,가르뱅이로16길
대구광역시,서구,,가르뱅이로20길
대구광역시,서구,,가르뱅이로7길
대구광역시,서구,,가르뱅이로10길
대구광역시,서구,,달서천로76길
대구광역시,서구,,원대로
대구광역시,서구,,달서천로83길
대구광역시,서구,,달서천로80길
대구광역시,서구,,달서천로87길
대구광역시,서구,,달서천로74길
대구광역시,서구,,달서천로86길
대구광역시,서구,,고성로23길
대구광역시,서구,,고성로25길
대구광역시,서구,,원대로13길
대구광역시,서구,,원대로15길
대구광역시,서구,,원대로17길
대구광역시,서구,,옥산로
대구광역시,서구,,고성로13길
대구광역시,서구,,고성로15길
대구광역시,서구,,달서로56길
대구광역시,서구,,달서로58길
대구광역시,서구,,옥산로2길
대구광역시,서구,,옥산로4길
대구광역시,서구,,옥산로6길
대구광역시,서구,,고성로21길
대구광역시,서구,,달서로55길
대구광역시,서구,,고성로17길
대구광역시,서구,,달서로54길
대구광역시,서구,,팔달로40길
대구광역시,서구,,팔달로46길
대구광역시,서구,,팔달로42길
대구광역시,서구,,와룡로
대구광역시,서구,,문화로23길
대구광역시,서구,,북비산로17길
대구광역시,서구,,문화로17길
대구광역시,서구,,와룡로90길
대구광역시,서구,,장산로
대구광역시,서구,,국채보상로21길
대구광역시,서구,,국채보상로19길
대구광역시,서구,,문화로3길
대구광역시,서구,,국채보상로7길
대구광역시,서구,,와룡로87길
대구광역시,서구,,가르뱅이로6길
대구광역시,서구,,북비산로13길
대구광역시,서구,,와룡로97길
대구광역시,서구,,와룡로100길
대구광역시,서구,,문화로4길
대구광역시,서구,,와룡로99길
대구광역시,서구,,문화로13길
대구광역시,서구,,와룡로83길
대구광역시,서구,,와룡로84길
대구광역시,서구,,와룡로98길
대구광역시,서구,,국채보상로3길
대구광역시,서구,,북비산로7길
대구광역시,서구,,북비산로6길
대구광역시,서구,,문화로21길
대구광역시,서구,,당산로77길
대구광역시,서구,,문화로14길
대구광역시,서구,,국채보상로23길
대구광역시,서구,,문화로19길
대구광역시,서구,,북비산로29길
대구광역시,서구,,국채보상로5길
대구광역시,서구,,문화로7길
대구광역시,서구,,국채보상로36길
대구광역시,서구,,평리로35길
대구광역시,서구,,당산로41서길
대구광역시,서구,,서대구로15길
대구광역시,서구,,국채보상로38길
대구광역시,서구,,국채보상로34길
대구광역시,서구,,와룡로72길
대구광역시,서구,,당산로67길
대구광역시,서구,,와룡로70길
대구광역시,서구,,서대구로17길
대구광역시,서구,,죽전길
대구광역시,서구,,와룡로65길
대구광역시,서구,,국채보상로34안길
대구광역시,서구,,서대구로25길
대구광역시,서구,,평리로21길
대구광역시,서구,,국채보상로20길
대구광역시,서구,,와룡로73길
대구광역시,서구,,와룡로66길
대구광역시,서구,,평리로29길
대구광역시,서구,,평리로17길
대구광역시,서구,,국채보상로10길
대구광역시,서구,,국채보상로14길
대구광역시,서구,,당산로69길
대구광역시,서구,,와룡로75길
대구광역시,서구,,달구벌대로323길
대구광역시,서구,,와룡로69길
대구광역시,서구,,국채보상로6길
대구광역시,서구,,평리로33길
대구광역시,서구,,와룡로62길
대구광역시,서구,,장산로32길
대구광역시,서구,,와룡로66안길
대구광역시,서구,,와룡로54길
대구광역시,서구,,북비산로31길
대구광역시,서구,,서대구로40길
대구광역시,서구,,통학로39길
대구광역시,서구,,북비산로37길
대구광역시,서구,,통학로21길
대구광역시,서구,,북비산로33길
대구광역시,서구,,국채보상로45길
대구광역시,서구,,통학로38길
대구광역시,서구,,국채보상로60길
대구광역시,서구,,통학로28길
대구광역시,서구,,평리로57길
대구광역시,서구,,국채보상로57길
대구광역시,서구,,국채보상로50길
대구광역시,서구,,평리로73길
대구광역시,서구,,문화로51길
대구광역시,서구,,서대구로34길
대구광역시,서구,,국채보상로65길
대구광역시,서구,,문화로61길
대구광역시,서구,,서대구로42길
대구광역시,서구,,북비산로27길
대구광역시,서구,,국채보상로49길
대구광역시,서구,,국채보상로46길
대구광역시,서구,,문화로60길
대구광역시,서구,,국채보상로42길
대구광역시,서구,,북비산로52길
대구광역시,서구,,국채보상로66길
대구광역시,서구,,통학로32길
대구광역시,서구,,통학로23길
대구광역시,서구,,통학로17길
대구광역시,서구,,통학로15길
대구광역시,서구,,평리로55길
대구광역시,서구,,국채보상로56길
대구광역시,서구,,통학로13길
대구광역시,서구,,국채보상로61길
대구광역시,서구,,국채보상로43길
대구광역시,서구,,북비산로45길
대구광역시,서구,,북비산로60길
대구광역시,서구,,국채보상로48길
대구광역시,서구,,서대구로19길
대구광역시,서구,,국채보상로31길
대구광역시,서구,,북비산로50길
대구광역시,서구,,통학로30길
대구광역시,서구,,국채보상로52길
대구광역시,서구,,서대구로29길
대구광역시,서구,,문화로33길
대구광역시,서구,,문화로37길
대구광역시,서구,,국채보상로55길
대구광역시,서구,,북비산로41길
대구광역시,서구,,서대구로32길
대구광역시,서구,,국채보상로53길
대구광역시,서구,,북비산로58길
대구광역시,서구,,국채보상로41길
대구광역시,서구,,서대구로45길
대구광역시,서구,,문화로39길
대구광역시,서구,,국채보상로37길
대구광역시,서구,,문화로49길
대구광역시,서구,,당산로86길
대구광역시,서구,,서대구로38길
대구광역시,서구,,당산로82길
대구광역시,서구,,서대구로41길
대구광역시,서구,,서대구로44길
대구광역시,서구,,서대구로37길
대구광역시,서구,,문화로47길
대구광역시,서구,,북비산로30길
대구광역시,서구,,문화로43길
대구광역시,서구,,서대구로22길
대구광역시,서구,,통학로31길
대구광역시,서구,,서대구로23길
대구광역시,서구,,국채보상로39길
대구광역시,서구,,서대구로18길
대구광역시,서구,,서대구로21길
대구광역시,서구,,서대구로36길
대구광역시,서구,,당산로88길
대구광역시,서구,,서대구로33길
대구광역시,서구,,서대구로31길
대구광역시,서구,,통학로20길
대구광역시,서구,,국채보상로37안길
대구광역시,서구,,국채보상로61안길
대구광역시,수성구,,고모로22길
대구광역시,수성구,,고모로24길
대구광역시,수성구,,고모로18길
대구광역시,수성구,,고모로
대구광역시,수성구,,천을로23길
대구광역시,수성구,,고모로26길
대구광역시,수성구,,고모로33길
대구광역시,수성구,,중앙고속도로
대구광역시,수성구,,달구벌대로
대구광역시,수성구,,고모로28길
대구광역시,수성구,,고모로20길
대구광역시,수성구,,범안로
대구광역시,수성구,,팔현길
대구광역시,수성구,,고모로39길
대구광역시,수성구,,달구벌대로541길
대구광역시,수성구,,고모로41길
대구광역시,수성구,,알파시티2로
대구광역시,수성구,,시지로14길
대구광역시,수성구,,알파시티3로
대구광역시,수성구,,노변공원로7길
대구광역시,수성구,,노변공원로3길
대구광역시,수성구,,고산로
대구광역시,수성구,,노변공원로
대구광역시,수성구,,노변로
대구광역시,수성구,,노변공원로1길
대구광역시,수성구,,유니버시아드로
대구광역시,수성구,,노변공원로13길
대구광역시,수성구,,시지로
대구광역시,수성구,,유니버시아드로42길
대구광역시,수성구,,알파시티1로
대구광역시,수성구,,알파시티1로31길
대구광역시,수성구,,월드컵로
대구광역시,수성구,,알파시티1로42길
대구광역시,수성구,,알파시티1로23길
대구광역시,수성구,,알파시티1로35길
대구광역시,수성구,,월드컵로6길
대구광역시,수성구,,월드컵로6안길
대구광역시,수성구,,달구벌대로604길
대구광역시,수성구,,알파시티1로4길
대구광역시,수성구,,알파시티1로40길
대구광역시,수성구,,알파시티1로27길
대구광역시,수성구,,알파시티1로32길
대구광역시,수성구,,월드컵로5길
대구광역시,수성구,,들안로18길
대구광역시,수성구,,지산로3길
대구광역시,수성구,,들안로8길
대구광역시,수성구,,들안로16길
대구광역시,수성구,,들안로14길
대구광역시,수성구,,지범로
대구광역시,수성구,,무학로
대구광역시,수성구,,동대구로
대구광역시,수성구,,지범로1길
대구광역시,수성구,,들안로
대구광역시,수성구,,무학로21길
대구광역시,수성구,,동대구로3길
대구광역시,수성구,,들안로2길
대구광역시,수성구,,용학로
대구광역시,수성구,,무학로21안길
대구광역시,수성구,,청수로24길
대구광역시,수성구,,청수로
대구광역시,수성구,,용학로25안길
대구광역시,수성구,,들안로2안길
대구광역시,수성구,,무학로17길
대구광역시,수성구,,용학로28길
대구광역시,수성구,,무학로23길
대구광역시,수성구,,상화로
대구광역시,수성구,,용학로25길
대구광역시,수성구,,수성못2길
대구광역시,수성구,,동대구로7길
대구광역시,수성구,,수성못길
대구광역시,수성구,,수성못6길
대구광역시,수성구,,청수로26길
대구광역시,수성구,,청수로20길
대구광역시,수성구,,들안로20길
대구광역시,수성구,,지범로17길
대구광역시,수성구,,동대구로15길
대구광역시,수성구,,공경로7길
대구광역시,수성구,,달구벌대로525길
대구광역시,수성구,,무열로19안길
대구광역시,수성구,,만촌로
대구광역시,수성구,,무열로
대구광역시,수성구,,교학로8길
대구광역시,수성구,,국채보상로
대구광역시,수성구,,국채보상로205길
대구광역시,수성구,,달구벌대로522길
대구광역시,수성구,,무열로39길
대구광역시,수성구,,만촌로8길
대구광역시,수성구,,청호로94길
대구광역시,수성구,,만촌로4길
대구광역시,수성구,,만촌로12길
대구광역시,수성구,,충의로
대구광역시,수성구,,화랑로
대구광역시,수성구,,세진로
대구광역시,수성구,,충의로4길
대구광역시,수성구,,만촌로32길
대구광역시,수성구,,무열로29길
대구광역시,수성구,,동원로28길
대구광역시,수성구,,공경로
대구광역시,수성구,,화랑로2길
대구광역시,수성구,,국채보상로214길
대구광역시,수성구,,국채보상로207길
대구광역시,수성구,,달구벌대로530길
대구광역시,수성구,,공경로2길
대구광역시,수성구,,국채보상로200길
대구광역시,수성구,,효행로
대구광역시,수성구,,국채보상로218길
대구광역시,수성구,,동원로
대구광역시,수성구,,교학로2길
대구광역시,수성구,,청호로96안길
대구광역시,수성구,,국채보상로216길
대구광역시,수성구,,달구벌대로511길
대구광역시,수성구,,국채보상로204길
대구광역시,수성구,,공경로6길
대구광역시,수성구,,만촌로5길
대구광역시,수성구,,화랑로42길
대구광역시,수성구,,충의로8길
대구광역시,수성구,,화랑로8길
대구광역시,수성구,,화랑로36길
대구광역시,수성구,,공경로5길
대구광역시,수성구,,동원로6길
대구광역시,수성구,,국채보상로202길
대구광역시,수성구,,교학로
대구광역시,수성구,,교학로16길
대구광역시,수성구,,청호로96길
대구광역시,수성구,,국채보상로209길
대구광역시,수성구,,화랑로34길
대구광역시,수성구,,화랑로32길
대구광역시,수성구,,효행로2길
대구광역시,수성구,,무열로8길
대구광역시,수성구,,달구벌대로526길
대구광역시,수성구,,청호로92길
대구광역시,수성구,,달구벌대로526안길
대구광역시,수성구,,충의로6길
대구광역시,수성구,,교학로5길
대구광역시,수성구,,세진로12길
대구광역시,수성구,,동원로12길
대구광역시,수성구,,달구벌대로527길
대구광역시,수성구,,교학로11길
대구광역시,수성구,,만촌로14길
대구광역시,수성구,,만촌로28길
대구광역시,수성구,,공경로3길
대구광역시,수성구,,교학로12길
대구광역시,수성구,,교학로4길
대구광역시,수성구,,교학로6길
대구광역시,수성구,,교학로7길
대구광역시,수성구,,무열로19길
대구광역시,수성구,,만촌로3길
대구광역시,수성구,,만촌로24길
대구광역시,수성구,,동원로8길
대구광역시,수성구,,동원로2길
대구광역시,수성구,,만촌로20길
대구광역시,수성구,,만촌로1길
대구광역시,수성구,,만촌로26길
대구광역시,수성구,,무열로11길
대구광역시,수성구,,무열로15안길
대구광역시,수성구,,무열로15길
대구광역시,수성구,,화랑로38길
대구광역시,수성구,,화랑로40길
대구광역시,수성구,,청호로
대구광역시,수성구,,교학로19길
대구광역시,수성구,,청호로95길
대구광역시,수성구,,달구벌대로536길
대구광역시,수성구,,화랑로12길
대구광역시,수성구,,달구벌대로528길
대구광역시,수성구,,달구벌대로641길
대구광역시,수성구,,달구벌대로647길
대구광역시,수성구,,천을로
대구광역시,수성구,,천을로31길
대구광역시,수성구,,달구벌대로637길
대구광역시,수성구,,달구벌대로645길
대구광역시,수성구,,달구벌대로625길
대구광역시,수성구,,달구벌대로631길
대구광역시,수성구,,달구벌대로627길
대구광역시,수성구,,경안로
대구광역시,수성구,,경안로45안길
대구광역시,수성구,,경안로45길
대구광역시,수성구,,성동로37길
대구광역시,수성구,,지범로39길
대구광역시,수성구,,지범로48길
대구광역시,수성구,,지범로54길
대구광역시,수성구,,지범로41길
대구광역시,수성구,,지범로52길
대구광역시,수성구,,지범로40길
대구광역시,수성구,,범안로3안길
대구광역시,수성구,,지범로46길
대구광역시,수성구,,진밭길
대구광역시,수성구,,범안로16길
대구광역시,수성구,,범안로20길
대구광역시,수성구,,범안로4길
대구광역시,수성구,,지범로50길
대구광역시,수성구,,범안로8길
대구광역시,수성구,,지범로45길
대구광역시,수성구,,범안로1길
대구광역시,수성구,,범안로2길
대구광역시,수성구,,범안로3길
대구광역시,수성구,,지범로47길
대구광역시,수성구,,범안로4안길
대구광역시,수성구,,국채보상로186길
대구광역시,수성구,,상록로16길
대구광역시,수성구,,청솔로16길
대구광역시,수성구,,달구벌대로495길
대구광역시,수성구,,상록로
대구광역시,수성구,,국채보상로164길
대구광역시,수성구,,범어로18길
대구광역시,수성구,,동대구로77길
대구광역시,수성구,,범어로16길
대구광역시,수성구,,국채보상로194길
대구광역시,수성구,,동원로1길
대구광역시,수성구,,범어로19길
대구광역시,수성구,,달구벌대로492길
대구광역시,수성구,,범어로
대구광역시,수성구,,범어천로
대구광역시,수성구,,범어로20길
대구광역시,수성구,,동대구로74길
대구광역시,수성구,,상록로11길
대구광역시,수성구,,세진로3길
대구광역시,수성구,,청호로84안길
대구광역시,수성구,,청솔로
대구광역시,수성구,,달구벌대로489안길
대구광역시,수성구,,동대구로58길
대구광역시,수성구,,달구벌대로489길
대구광역시,수성구,,달구벌대로496길
대구광역시,수성구,,동대구로73길
대구광역시,수성구,,동원로5길
대구광역시,수성구,,달구벌대로501길
대구광역시,수성구,,동대구로42길
대구광역시,수성구,,상록로2길
대구광역시,수성구,,동대구로55길
대구광역시,수성구,,청솔로14길
대구광역시,수성구,,명덕로
대구광역시,수성구,,동대구로59길
대구광역시,수성구,,동대구로38길
대구광역시,수성구,,동대구로38안길
대구광역시,수성구,,청솔로20길
대구광역시,수성구,,청솔로22길
대구광역시,수성구,,동원로11길
대구광역시,수성구,,청호로85안길
대구광역시,수성구,,달구벌대로502길
대구광역시,수성구,,달구벌대로504길
대구광역시,수성구,,달구벌대로488안길
대구광역시,수성구,,동대구로49길
대구광역시,수성구,,청호로88길
대구광역시,수성구,,국채보상로162길
대구광역시,수성구,,국채보상로192길
대구광역시,수성구,,범어로24길
대구광역시,수성구,,동대구로57길
대구광역시,수성구,,동대구로80길
대구광역시,수성구,,달구벌대로480길
대구광역시,수성구,,달구벌대로512길
대구광역시,수성구,,동대구로54길
대구광역시,수성구,,국채보상로180길
대구광역시,수성구,,들안로78길
대구광역시,수성구,,달구벌대로488길
대구광역시,수성구,,청호로88안길
대구광역시,수성구,,범어로27길
대구광역시,수성구,,달구벌대로508길
대구광역시,수성구,,범어로34길
대구광역시,수성구,,동대구로56길
대구광역시,수성구,,범어로12길
대구광역시,수성구,,세진로1길
대구광역시,수성구,,들안로77길
대구광역시,수성구,,동대구로45길
대구광역시,수성구,,동대구로74안길
대구광역시,수성구,,동대구로50길
대구광역시,수성구,,동대구로46길
대구광역시,수성구,,범어로26길
대구광역시,수성구,,청솔로18길
대구광역시,수성구,,범어로32길
대구광역시,수성구,,청호로85길
대구광역시,수성구,,청솔로12길
대구광역시,수성구,,청호로84길
대구광역시,수성구,,동대구로52길
대구광역시,수성구,,들안로81길
대구광역시,수성구,,동대구로48길
대구광역시,수성구,,청호로76길
대구광역시,수성구,,달구벌대로659길
대구광역시,수성구,,달구벌대로651길
대구광역시,수성구,,성동로
대구광역시,수성구,,욱수천로
대구광역시,수성구,,달구벌대로669길
대구광역시,수성구,,달구벌대로661길
대구광역시,수성구,,성동로16길
대구광역시,수성구,,성동로15길
대구광역시,수성구,,월드컵로5안길
대구광역시,수성구,,알파시티1로37길
대구광역시,수성구,,범안로64길
대구광역시,수성구,,유니버시아드로11길
대구광역시,수성구,,범안로60길
대구광역시,수성구,,범안로65길
대구광역시,수성구,,미술관로
대구광역시,수성구,,신천동로
대구광역시,수성구,,수성로
대구광역시,수성구,,수성로19길
대구광역시,수성구,,수성로14길
대구광역시,수성구,,수성로12길
대구광역시,수성구,,수성로15길
대구광역시,수성구,,상화로5길
대구광역시,수성구,,수성로24길
대구광역시,수성구,,수성로1길
대구광역시,수성구,,들안로13길
대구광역시,수성구,,수성로32길
대구광역시,수성구,,상화로7길
대구광역시,수성구,,무학로11길
대구광역시,수성구,,수성로23길
대구광역시,수성구,,들안로19길
대구광역시,수성구,,들안로9길
대구광역시,수성구,,수성로20길
대구광역시,수성구,,청수로12길
대구광역시,수성구,,수성로25길
대구광역시,수성구,,상화로4길
대구광역시,수성구,,상화로3길
대구광역시,수성구,,청수로4길
대구광역시,수성구,,신천동로26길
대구광역시,수성구,,들안로1길
대구광역시,수성구,,수성로5길
대구광역시,수성구,,신천동로22길
대구광역시,수성구,,상화로1길
대구광역시,수성구,,수성로29길
대구광역시,수성구,,성동로33길
대구광역시,수성구,,수성로53길
대구광역시,수성구,,명덕로75길
대구광역시,수성구,,명덕로73길
대구광역시,수성구,,명덕로76길
대구광역시,수성구,,달구벌대로456길
대구광역시,수성구,,명덕로76안길
대구광역시,수성구,,수성로51길
대구광역시,수성구,,수성로69길
대구광역시,수성구,,신천동로62길
대구광역시,수성구,,희망로19길
대구광역시,수성구,,수성로57길
대구광역시,수성구,,수성로75길
대구광역시,수성구,,달구벌대로454길
대구광역시,수성구,,달구벌대로458길
대구광역시,수성구,,수성로77길
대구광역시,수성구,,수성로58길
대구광역시,수성구,,수성로60길
대구광역시,수성구,,수성로62길
대구광역시,수성구,,수성로70길
대구광역시,수성구,,수성로76길
대구광역시,수성구,,수성로74길
대구광역시,수성구,,수성로68길
대구광역시,수성구,,수성로56길
대구광역시,수성구,,수성로66길
대구광역시,수성구,,수성로72길
대구광역시,수성구,,수성로64길
대구광역시,수성구,,들안로64길
대구광역시,수성구,,들안로60길
대구광역시,수성구,,들안로56길
대구광역시,수성구,,들안로54길
대구광역시,수성구,,들안로46길
대구광역시,수성구,,들안로48길
대구광역시,수성구,,들안로50길
대구광역시,수성구,,들안로52길
대구광역시,수성구,,신천동로98길
대구광역시,수성구,,신천동로88길
대구광역시,수성구,,신천동로86길
대구광역시,수성구,,들안로70길
대구광역시,수성구,,달구벌대로469길
대구광역시,수성구,,들안로67길
대구광역시,수성구,,신천동로84길
대구광역시,수성구,,달구벌대로467길
대구광역시,수성구,,들안로73길
대구광역시,수성구,,신천동로96길
대구광역시,수성구,,달구벌대로471길
대구광역시,수성구,,들안로71길
대구광역시,수성구,,신천동로86안길
대구광역시,수성구,,천을로8길
대구광역시,수성구,,달구벌대로617길
대구광역시,수성구,,시지로3길
대구광역시,수성구,,달구벌대로618길
대구광역시,수성구,,달구벌대로621길
대구광역시,수성구,,달구벌대로619길
대구광역시,수성구,,달구벌대로606길
대구광역시,수성구,,시지로1길
대구광역시,수성구,,알파시티2로3길
대구광역시,수성구,,달구벌대로622길
대구광역시,수성구,,알파시티2로9길
대구광역시,수성구,,알파시티2로12길
대구광역시,수성구,,달구벌대로650길
대구광역시,수성구,,고산로4안길
대구광역시,수성구,,신매로16길
대구광역시,수성구,,신매로19길
대구광역시,수성구,,달구벌대로652길
대구광역시,수성구,,신매로4길
대구광역시,수성구,,신매로2길
대구광역시,수성구,,고산로4길
대구광역시,수성구,,고산로18길
대구광역시,수성구,,달구벌대로656길
대구광역시,수성구,,신매로6길
대구광역시,수성구,,신매로8길
대구광역시,수성구,,달구벌대로649길
대구광역시,수성구,,신매로
대구광역시,수성구,,고산로12길
대구광역시,수성구,,달구벌대로574길
대구광역시,수성구,,범안로91길
대구광역시,수성구,,달구벌대로576길
대구광역시,수성구,,달구벌대로569길
대구광역시,수성구,,야구전설로
대구광역시,수성구,,달구벌대로568길
대구광역시,수성구,,유니버시아드로68길
대구광역시,수성구,,욱수길
대구광역시,수성구,,달구벌대로559길
대구광역시,수성구,,수성로52길
대구광역시,수성구,,희망로24길
대구광역시,수성구,,신천동로52길
대구광역시,수성구,,수성로54길
대구광역시,수성구,,희망로
대구광역시,수성구,,희망로30길
대구광역시,수성구,,수성로50길
대구광역시,수성구,,청수로3길
대구광역시,수성구,,신천동로34길
대구광역시,수성구,,수성로38길
대구광역시,수성구,,수성로52안길
대구광역시,수성구,,수성로35길
대구광역시,수성구,,수성로41길
대구광역시,수성구,,들안로33길
대구광역시,수성구,,청수로1길
대구광역시,수성구,,청수로9길
대구광역시,수성구,,수성로39안길
대구광역시,수성구,,들안로29길
대구광역시,수성구,,들안로25길
대구광역시,수성구,,수성로39길
대구광역시,수성구,,수성로50안길
대구광역시,수성구,,희망로21길
대구광역시,수성구,,희망로20길
대구광역시,수성구,,수성로46길
대구광역시,수성구,,수성로43길
대구광역시,수성구,,무학로27길
대구광역시,수성구,,동대구로14길
대구광역시,수성구,,동대구로20길
대구광역시,수성구,,무학로31길
대구광역시,수성구,,동대구로12길
대구광역시,수성구,,무학로29길
대구광역시,수성구,,무학로35길
대구광역시,수성구,,용학로31길
대구광역시,수성구,,청수로38길
대구광역시,수성구,,청수로34길
대구광역시,수성구,,지산로9길
대구광역시,수성구,,용학로50길
대구광역시,수성구,,지범로29길
대구광역시,수성구,,지산로11길
대구광역시,수성구,,동대구로6길
대구광역시,수성구,,동대구로12안길
대구광역시,수성구,,무학로33길
대구광역시,수성구,,지산로
대구광역시,수성구,,용학로30길
대구광역시,수성구,,용학로42길
대구광역시,수성구,,지범로27길
대구광역시,수성구,,지산로14안길
대구광역시,수성구,,용학로33길
대구광역시,수성구,,용학로36길
대구광역시,수성구,,용학로44길
대구광역시,수성구,,지산로14길
대구광역시,수성구,,동대구로8길
대구광역시,수성구,,지범로31안길
대구광역시,수성구,,청수로36길
대구광역시,수성구,,용학로40길
대구광역시,수성구,,청수로40길
대구광역시,수성구,,지범로25길
대구광역시,수성구,,용학로31안길
대구광역시,수성구,,지산로13길
대구광역시,수성구,,용학로48길
대구광역시,수성구,,용학로46길
대구광역시,수성구,,지범로23길
대구광역시,수성구,,지범로31길
대구광역시,수성구,,무학로37안길
대구광역시,수성구,,무학로37길
대구광역시,수성구,,청호로22길
대구광역시,수성구,,용학로34길
대구광역시,수성구,,용학로35길
대구광역시,수성구,,지범로21길
대구광역시,수성구,,지범로13길
대구광역시,수성구,,지범로22길
대구광역시,수성구,,앞산터널로
대구광역시,수성구,,파동로
대구광역시,수성구,,파동로12길
대구광역시,수성구,,파동로8길
대구광역시,수성구,,파동로32길
대구광역시,수성구,,파동로18길
대구광역시,수성구,,파동로38길
대구광역시,수성구,,파동로22길
대구광역시,수성구,,파동로51길
대구광역시,수성구,,파동로40길
대구광역시,수성구,,파동로30길
대구광역시,수성구,,파동로2길
대구광역시,수성구,,파동로26길
대구광역시,수성구,,파동로48길
대구광역시,수성구,,신천대로
대구광역시,수성구,,파동로14길
대구광역시,수성구,,파동로25길
대구광역시,수성구,,파동로3길
대구광역시,수성구,,가창로221길
대구광역시,수성구,,파동로46길
대구광역시,수성구,,파동로16길
대구광역시,수성구,,파동로18안길
대구광역시,수성구,,파동로44길
대구광역시,수성구,,파동로37길
대구광역시,수성구,,파동로28길
대구광역시,수성구,,파동로2안길
대구광역시,수성구,,희망로36길
대구광역시,수성구,,동대구로29길
대구광역시,수성구,,들안로40길
대구광역시,수성구,,청솔로2길
대구광역시,수성구,,청수로25길
대구광역시,수성구,,청호로46길
대구광역시,수성구,,청수로45길
대구광역시,수성구,,들안로28길
대구광역시,수성구,,들안로42안길
대구광역시,수성구,,들안로32길
대구광역시,수성구,,동대구로25길
대구광역시,수성구,,들안로40안길
대구광역시,수성구,,청수로31길
대구광역시,수성구,,청호로69길
대구광역시,수성구,,들안로42길
대구광역시,수성구,,청수로35길
대구광역시,수성구,,청호로67길
대구광역시,수성구,,청호로57길
대구광역시,수성구,,들안로44길
대구광역시,수성구,,청솔로8길
대구광역시,수성구,,청솔로6길
대구광역시,수성구,,동대구로41길
대구광역시,수성구,,청수로29길
대구광역시,수성구,,청솔로4길
대구광역시,중구,,국채보상로102길
대구광역시,중구,,서성로
대구광역시,중구,,국채보상로
대구광역시,중구,,종로
대구광역시,중구,,달구벌대로
대구광역시,중구,,약령길
대구광역시,중구,,달구벌대로415길
대구광역시,중구,,남성로
대구광역시,중구,,동성로6길
대구광역시,중구,,동성로4길
대구광역시,중구,,동성로12길
대구광역시,중구,,동성로2길
대구광역시,중구,,국채보상로125길
대구광역시,중구,,동성로3길
대구광역시,중구,,공평로
대구광역시,중구,,교동2길
대구광역시,중구,,교동1길
대구광역시,중구,,교동길
대구광역시,중구,,태평로
대구광역시,중구,,교동4길
대구광역시,중구,,동성로
대구광역시,중구,,교동3길
대구광역시,중구,,명륜로21길
대구광역시,중구,,남산로
대구광역시,중구,,명륜로
대구광역시,중구,,명덕로35길
대구광역시,중구,,명륜로23길
대구광역시,중구,,남산로3안길
대구광역시,중구,,남산로17길
대구광역시,중구,,남산로8길
대구광역시,중구,,명륜로6길
대구광역시,중구,,남산로6길
대구광역시,중구,,남산로7길
대구광역시,중구,,문우관길
대구광역시,중구,,재마루길
대구광역시,중구,,명덕로
대구광역시,중구,,재마루1길
대구광역시,중구,,남산로3길
대구광역시,중구,,남산로4길
대구광역시,중구,,남산로1길
대구광역시,중구,,명륜로12길
대구광역시,중구,,중앙대로66길
대구광역시,중구,,중앙대로61길
대구광역시,중구,,중앙대로
대구광역시,중구,,달구벌대로418길
대구광역시,중구,,달구벌대로414길
대구광역시,중구,,2·28길
대구광역시,중구,,남산로2길
대구광역시,중구,,관덕정길
대구광역시,중구,,남산로6안길
대구광역시,중구,,명륜로24길
대구광역시,중구,,명륜로11길
대구광역시,중구,,명륜로26안길
대구광역시,중구,,명륜로22길
대구광역시,중구,,중앙대로62길
대구광역시,중구,,중앙대로65길
대구광역시,중구,,남산로12길
대구광역시,중구,,중앙대로68길
대구광역시,중구,,중앙대로67길
대구광역시,중구,,명륜로22안길
대구광역시,중구,,명륜로26길
대구광역시,중구,,남산로13길
대구광역시,중구,,중앙대로58길
대구광역시,중구,,중앙대로81길
대구광역시,중구,,진골목길
대구광역시,중구,,중앙대로79길
대구광역시,중구,,달성공원로10길
대구광역시,중구,,달성공원로
대구광역시,중구,,달성로21길
대구광역시,중구,,원대로
대구광역시,중구,,달성공원로8길
대구광역시,중구,,달성로
대구광역시,중구,,대봉로
대구광역시,중구,,대봉로43길
대구광역시,중구,,명덕로55길
대구광역시,중구,,대봉로47길
대구광역시,중구,,명륜로28길
대구광역시,중구,,동덕로
대구광역시,중구,,동덕로14길
대구광역시,중구,,달구벌대로440길
대구광역시,중구,,명덕로47길
대구광역시,중구,,동덕로8길
대구광역시,중구,,명덕로65길
대구광역시,중구,,이천로
대구광역시,중구,,동덕로6길
대구광역시,중구,,대봉로43안길
대구광역시,중구,,달구벌대로446길
대구광역시,중구,,달구벌대로450길
대구광역시,중구,,신천서쪽자전거길
대구광역시,중구,,신천대로
대구광역시,중구,,큰장로22길
대구광역시,중구,,큰장로26안길
대구광역시,중구,,큰장로24길
대구광역시,중구,,달구벌대로393길
대구광역시,중구,,큰장로
대구광역시,중구,,큰장로28길
대구광역시,중구,,달성공원로6길
대구광역시,중구,,달구벌대로387길
대구광역시,중구,,큰장로12길
대구광역시,중구,,국채보상로93길
대구광역시,중구,,큰장로26길
대구광역시,중구,,큰장로10길
대구광역시,중구,,큰장로24안길
대구광역시,중구,,달구벌대로389길
대구광역시,중구,,달성공원로4길
대구광역시,중구,,서성로14길
대구광역시,중구,,경상감영1길
대구광역시,중구,,서성로16길
대구광역시,중구,,경상감영길
대구광역시,중구,,북성로
대구광역시,중구,,동성로1길
대구광역시,중구,,국채보상로123길
대구광역시,중구,,달구벌대로405길
대구광역시,중구,,달구벌대로401길
대구광역시,중구,,국채보상로99길
대구광역시,중구,,국채보상로101길
대구광역시,중구,,서성로13길
대구광역시,중구,,동성로5길
대구광역시,중구,,중앙대로77길
대구광역시,중구,,동덕로40길
대구광역시,중구,,동덕로36길
대구광역시,중구,,태평로51길
대구광역시,중구,,공평로20길
대구광역시,중구,,국채보상로131길
대구광역시,중구,,국채보상로139길
대구광역시,중구,,동덕로38길
대구광역시,중구,,신암로
대구광역시,중구,,공평로10길
대구광역시,중구,,동덕로30길
대구광역시,중구,,국채보상로140길
대구광역시,중구,,국채보상로149길
대구광역시,중구,,국채보상로143길
대구광역시,중구,,국채보상로151길
대구광역시,중구,,국채보상로150길
대구광역시,중구,,국채보상로142길
대구광역시,중구,,국채보상로152길
대구광역시,중구,,봉산문화길
대구광역시,중구,,봉산문화2길
대구광역시,중구,,봉산문화1길
대구광역시,중구,,서성로20길
대구광역시,중구,,태평로22길
대구광역시,중구,,공평로4길
대구광역시,중구,,공평로8길
대구광역시,중구,,달구벌대로443길
대구광역시,중구,,동덕로26길
대구광역시,중구,,신천동쪽자전거길
대구광역시,중구,,달구벌대로447길
대구광역시,중구,,달구벌대로445길
대구광역시,중구,,북성로4길
대구광역시,중구,,서성로15길
대구광역시,중구,,북성로5길
대구광역시,중구,,달성로22길
대구광역시,중구,,북성로3길
대구광역시,중구,,달성로26길
대구광역시,중구,,북성로7길
대구광역시,중구,,태평로28길
